"Material","Sample","Site","Li","Be","Na2O (%)","MgO (%)","Al2O3 (%)","SiO2 (%)","P2O5 (%)","S","K2O (%)","CaO (%)","Sc","TiO2 (%)","V","Cr","MnO (%)","Fe2O3 (%)","Co","Ni","Cu","As","Rb","Y","Zr","Nb","Mo","Sn","Ba","La","Ce","Pr","Nd","Sm","Eu","Gd","Tb","Dy","Ho","Er","Tm","Yb","Lu","Hf","Ta","W","Th","U"
"Ore","MA-200975","Eisenberg","28.7","4.15","0.1","0.92","7.56","14.04","0.42","481.61","2.07","1.9","7.6","0.17","48.12","31.54","1.84","70.78","7.35","22.97","32.45","36.73","101.31","25.77","36.9","4.76","3.26","1.98","697.27","13.56","24.24","3.25","15.86","4.42","1.01","4.85","0.78","4.73","0.96","2.69","0.37","2.4","0.35","1.17","0.36","1.13","5.19","1.64"
"Ore","MA-200977","Eisenberg","18.61","9.66","0.08","0.81","5.46","10.41","0.98","262.73","1.43","1.9","6.27","0.11","70.22","36.66","6.53","72.0","14.53","58.07","30.09","43.76","68.96","53.39","23.29","3.04","35.45","1.31","1421.89","31.02","42.3","10.69","52.72","13.54","2.99","14.06","1.97","10.57","1.95","5.09","0.61","3.65","0.54","0.68","0.22","0.88","3.71","2.2"
"Oven Slag","MA-200978","Eisenberg","19.33","4.8","0.13","0.74","6.59","21.0","0.74","376.97","1.51","3.2","7.89","0.18","43.84","30.63","2.38","63.27","32.22","27.71","369.67","51.71","70.5","25.52","264.24","5.44","2.32","2.46","817.92","18.82","32.18","4.42","19.18","4.43","0.86","4.72","0.71","4.25","0.85","2.34","0.33","2.12","0.32","7.85","0.47","2.88","6.78","4.08"
"Oven Slag","MA-200979","Eisenberg","27.49","3.17","0.1","1.16","6.55","20.09","0.24","238.36","2.17","2.65","8.74","0.21","34.66","27.19","3.01","63.65","1.6","3.48","24.99","0.7","87.03","25.39","175.66","6.01","0.65","0.98","780.07","19.55","34.73","4.55","19.28","4.37","0.91","4.28","0.68","4.19","0.83","2.4","0.34","2.24","0.34","4.82","0.51","0.79","7.11","3.57"
"Oven Slag","MA-200980","Eisenberg","33.88","4.06","0.15","1.34","8.39","24.84","0.31","231.15","2.83","3.32","10.43","0.24","41.78","34.95","3.91","54.46","1.58","2.45","33.51","1.03","108.17","27.45","145.65","6.96","0.77","1.18","1050.0","21.77","38.79","4.99","22.63","5.52","1.14","4.81","0.73","4.62","0.96","2.74","0.37","2.73","0.37","4.17","0.61","0.89","7.44","4.12"
"Oven Slag","MA-200981","Eisenberg","9.69","0.96","0.1","0.44","3.01","16.88","0.24","176.17","0.46","1.27","5.1","0.09","12.89","16.49","0.76","76.69","5.36","18.0","12.13","3.88","19.43","14.93","64.0","2.73","0.5","0.97","187.93","11.16","16.47","2.21","9.7","2.27","0.51","2.34","0.35","2.28","0.47","1.38","0.21","1.37","0.19","1.9","0.23","0.85","3.02","1.04"
"Oven Slag","MA-200983","Eisenberg","28.16","10.45","0.15","1.14","9.09","28.4","0.85","349.27","2.52","3.65","11.94","0.3","60.78","39.62","5.47","48.14","127.13","247.92","345.92","111.89","108.86","27.75","248.44","7.6","5.3","2.74","605.71","26.02","45.3","5.94","27.05","6.1","1.08","5.93","0.86","4.93","0.98","2.84","0.42","2.79","0.43","6.96","0.66","1.58","10.05","8.6"
"Smithing Slag","MA-200984","Eisenberg","18.7","9.63","0.17","1.06","6.26","33.67","0.48","3164.08","1.85","4.71","7.69","0.16","34.56","36.38","2.75","48.39","3.94","10.58","30.63","2.57","74.41","24.56","88.78","5.2","4.21","1.66","988.41","21.01","39.99","5.63","19.78","4.68","0.98","4.43","0.74","4.21","0.84","2.33","0.3","1.94","0.29","2.37","0.45","2.37","6.53","2.26"
"Smithing Slag","MA-200985","Eisenberg","6.45","0.43","0.11","0.67","2.06","16.27","0.27","314.13","0.47","2.75","4.33","0.08","20.49","15.5","0.15","77.0","58.67","409.59","60.58","53.76","16.28","7.57","74.63","3.02","4.3","1.46","253.03","6.7","10.27","1.43","6.09","1.33","0.26","1.35","0.2","1.24","0.25","0.77","0.11","0.71","0.12","2.21","0.19","0.6","2.3","0.55"
"Smithing Slag","MA-200986","Eisenberg","10.06","2.14","0.16","0.66","2.94","14.45","0.37","251.32","1.07","1.39","5.36","0.08","16.65","15.44","1.77","77.0","71.92","17.12","48.26","3.92","53.61","11.26","70.35","2.94","1.43","1.41","250.31","10.08","17.7","2.38","9.5","2.32","0.42","2.08","0.3","1.96","0.39","1.21","0.18","1.19","0.17","1.99","0.26","0.64","4.2","1.37"
"Smithing Slag","MA-200987","Eisenberg","5.88","0.76","0.05","0.28","1.83","12.1","0.61","1749.54","0.27","1.57","2.05","0.04","11.44","11.14","0.01","67.0","0.01","934.44","66.26","26.95","11.25","3.04","18.37","1.01","8.0","1.13","246.85","3.16","6.32","0.9","2.97","0.66","0.15","0.58","0.09","0.53","0.11","0.32","0.04","0.3","0.05","0.58","0.09","0.58","0.99","0.4"
"Plate Slag","MA-200989","Eisenberg","27.55","9.72","0.1","1.05","5.79","21.32","0.24","235.99","1.52","2.1","10.38","0.2","33.49","27.77","3.2","64.31","5.5","3.81","29.42","0.91","56.96","58.92","291.21","6.22","0.62","1.34","517.11","24.96","44.76","6.44","30.57","7.95","1.69","9.02","1.4","8.76","1.93","5.38","0.75","4.66","0.68","8.42","0.56","0.81","7.73","6.63"
"Plate Slag","MA-200990","Eisenberg","11.48","1.64","0.07","0.28","3.03","15.8","0.15","167.61","0.81","1.09","4.6","0.08","11.88","10.34","0.82","77.79","3.58","3.46","9.45","1.49","30.72","10.32","94.61","2.2","0.33","0.98","240.97","7.66","12.47","1.66","7.13","1.72","0.36","1.63","0.26","1.56","0.32","0.94","0.13","0.93","0.14","2.73","0.19","0.45","2.66","0.84"
"Plate Slag","MA-200991","Eisenberg","5.88","0.39","0.04","0.16","1.42","10.62","0.16","162.57","0.21","0.61","2.65","0.03","3.29","5.41","0.21","86.5","14.79","62.42","11.9","2.85","9.17","6.7","47.94","1.06","0.23","0.85","63.44","5.26","7.86","1.08","4.58","0.97","0.2","1.01","0.16","0.96","0.2","0.57","0.08","0.54","0.08","1.38","0.1","0.72","1.52","0.42"
"Plate Slag","MA-200992","Eisenberg","34.16","10.13","0.15","1.46","9.32","28.12","0.52","290.89","2.54","3.55","12.13","0.31","44.44","36.77","6.52","47.26","3.8","2.72","18.64","1.45","110.11","33.22","324.42","8.51","1.12","1.54","941.29","29.21","51.53","6.83","28.25","6.31","1.17","6.12","0.93","5.6","1.13","3.32","0.46","3.19","0.47","9.14","0.74","1.3","11.67","6.78"
"Plate Slag","MA-200994","Eisenberg","49.67","8.43","0.16","2.65","7.27","27.53","0.27","320.49","2.57","2.91","11.72","0.22","34.57","30.84","3.55","52.69","3.96","4.5","7.14","2.67","98.42","48.98","248.05","7.03","0.63","1.26","473.55","25.49","46.34","6.02","26.3","6.71","1.36","7.03","1.14","7.1","1.53","4.48","0.65","4.26","0.63","6.78","0.62","1.0","8.96","6.01"
"Plate Slag","MA-200995","Eisenberg","37.95","13.02","0.21","1.3","9.27","28.79","0.77","271.91","2.13","2.53","13.75","0.27","49.09","39.01","6.98","47.56","11.83","12.36","10.68","5.52","102.89","40.09","133.75","7.49","1.28","1.32","555.06","28.83","45.35","5.82","25.38","5.55","1.11","6.03","0.92","5.59","1.2","3.56","0.48","3.25","0.46","4.0","0.66","0.77","7.84","14.8"
"Plate Slag","MA-200996","Eisenberg","33.37","8.51","0.12","1.32","7.15","24.73","0.32","391.43","2.14","2.46","11.33","0.23","33.87","31.7","3.53","57.8","9.14","6.66","26.44","3.57","81.13","55.3","215.0","7.16","0.72","1.63","584.64","26.08","46.24","6.15","26.11","6.45","1.37","7.5","1.14","7.23","1.57","4.44","0.59","3.73","0.57","6.18","0.65","1.09","9.06","8.35"
"Plate Slag","MA-200997","Eisenberg","34.0","12.9","0.14","1.45","7.27","29.7","0.53","2510.0","2.11","3.3","11.3","0.25","45.0","36.0","8.6","46.13","7.8","9.4","78.0","1.7","104.0","38.0","122.0","7.6","1.31","2.1","350.0","31.0","55.0","7.5","24.6","5.5","1.25","5.3","0.91","5.1","1.07","3.0","0.41","2.74","0.37","2.89","0.59","1.24","7.3","9.8"
"Plate Slag","MA-200998","Eisenberg","28.62","5.56","0.1","1.21","7.54","23.37","0.39","288.52","2.01","3.09","9.94","0.19","32.63","21.82","5.35","56.57","7.9","6.39","53.24","3.02","101.93","29.21","171.01","6.11","1.01","1.51","646.97","22.87","39.84","5.25","23.12","5.25","1.05","5.22","0.79","4.79","0.98","2.81","0.39","2.58","0.39","4.34","0.54","1.13","7.94","7.35"
"Plate Slag","MA-200999","Eisenberg","18.98","8.75","0.08","1.17","4.86","27.07","0.49","323.53","1.0","2.07","9.88","0.14","22.44","34.31","3.64","59.31","4.39","5.19","68.15","3.63","56.31","72.52","128.14","6.58","1.22","5.81","411.69","39.29","57.62","7.88","35.22","8.31","1.93","9.85","1.48","9.01","1.92","5.23","0.73","4.75","0.61","3.68","0.55","0.83","7.18","4.9"
"Flow Slag","MA-201000","Eisenberg","21.89","3.0","0.07","1.55","6.45","26.61","0.36","276.09","1.17","2.58","10.08","0.2","31.23","46.6","3.66","57.2","2.79","13.18","7.81","1.59","58.2","47.65","219.84","5.79","0.68","0.76","382.52","25.91","38.87","5.28","22.69","5.19","1.15","5.78","0.94","5.87","1.26","3.69","0.51","3.28","0.48","6.05","0.5","0.71","5.51","4.38"
"Flow Slag","MA-201001","Eisenberg","24.21","6.62","0.18","1.53","5.96","28.18","0.51","302.09","1.96","3.8","10.54","0.21","31.33","29.71","4.7","52.8","7.27","2.53","11.33","2.23","80.61","28.03","242.84","6.82","1.48","1.22","461.32","25.89","44.81","6.08","25.42","5.91","1.08","5.37","0.83","4.98","0.99","2.85","0.41","2.78","0.4","6.49","0.6","1.05","9.64","4.54"
"Flow Slag","MA-201002","Eisenberg","26.15","3.8","0.1","1.67","8.26","32.57","0.32","390.9","1.54","3.37","12.58","0.3","44.38","59.63","3.99","47.72","2.5","15.02","11.39","1.29","69.08","57.65","218.84","7.05","0.72","0.9","462.95","30.81","45.47","6.07","26.95","6.15","1.33","6.97","1.1","7.06","1.5","4.35","0.61","3.96","0.57","6.07","0.62","0.7","6.69","4.95"
"Flow Slag","MA-201003","Eisenberg","27.23","7.02","0.1","1.79","5.45","19.43","0.34","275.11","1.74","2.1","8.18","0.15","20.41","14.45","3.02","65.75","6.65","4.91","15.43","2.41","71.7","42.42","127.48","4.13","0.62","1.16","363.16","17.95","32.5","4.31","19.05","5.0","1.07","5.69","0.89","5.68","1.19","3.57","0.52","3.39","0.52","3.69","0.38","0.81","6.0","4.96"
"Flow Slag","MA-201004","Eisenberg","15.95","2.14","0.17","0.85","5.08","20.86","0.76","367.15","1.08","4.27","6.74","0.13","45.74","19.85","1.27","65.34","10.75","17.61","18.38","30.86","48.72","13.63","113.55","4.52","2.37","1.76","762.3","15.06","25.35","3.35","14.75","3.4","0.68","2.96","0.42","2.47","0.48","1.37","0.2","1.35","0.19","3.62","0.36","1.02","4.68","1.32"
"Flow Slag","MA-201005","Eisenberg","26.74","8.48","0.13","1.42","9.09","29.48","0.24","293.67","2.69","3.32","12.49","0.28","46.13","40.67","3.44","49.69","4.43","4.46","9.05","1.03","139.98","67.0","322.62","6.75","0.64","0.97","825.78","29.66","61.8","7.99","38.82","10.44","2.16","11.69","1.73","10.1","2.07","5.8","0.79","4.97","0.71","9.36","0.63","0.79","9.53","3.39"
"Flow Slag","MA-201006","Eisenberg","12.58","1.71","0.22","0.89","4.34","21.12","0.52","233.8","1.0","4.45","6.2","0.13","17.97","15.7","0.55","66.65","19.15","11.64","18.78","9.67","30.01","18.28","253.17","4.24","0.36","1.2","410.48","13.65","22.92","3.02","12.83","3.28","0.55","2.79","0.42","2.59","0.54","1.49","0.23","1.61","0.22","6.71","0.37","0.91","4.79","1.21"
"Flow Slag","MA-201008","Eisenberg","12.68","4.98","0.08","0.49","4.55","17.04","0.43","260.73","1.05","1.91","5.43","0.1","13.27","14.76","1.03","73.2","0.87","4.37","9.71","0.49","53.05","17.31","92.39","4.19","0.23","1.27","398.47","15.7","23.75","3.34","14.0","2.75","0.64","2.91","0.43","2.8","0.53","1.55","0.19","1.4","0.2","2.71","0.36","1.87","4.51","3.32"
"Flow Slag","MA-201010","Eisenberg","35.81","4.24","0.13","1.47","9.52","27.25","0.34","293.19","2.7","3.02","11.82","0.32","47.9","38.42","3.92","51.07","1.89","2.52","28.07","1.04","108.97","35.66","268.87","8.39","0.71","1.11","1055.29","26.69","45.28","6.28","26.3","6.38","1.26","5.97","0.94","5.76","1.18","3.41","0.49","3.23","0.46","7.16","0.74","1.02","9.41","4.21"
"Flow Slag","MA-201011","Eisenberg","34.23","7.12","0.11","1.14","6.17","23.69","0.27","282.86","1.73","2.13","11.8","0.22","36.76","28.42","2.72","61.61","16.47","3.67","69.32","1.42","64.35","50.21","349.35","7.18","0.48","1.62","647.52","25.14","44.12","6.23","27.13","7.05","1.48","8.23","1.31","8.12","1.7","4.89","0.71","4.73","0.7","9.38","0.63","1.01","9.24","9.24"
"Flow Slag","MA-201012","Eisenberg","37.05","14.82","0.16","1.34","8.2","26.51","0.84","333.11","2.38","2.4","12.71","0.22","37.41","31.44","8.31","49.48","7.48","6.97","8.25","3.1","111.22","38.06","146.15","7.66","1.6","1.64","441.14","30.61","48.67","6.51","28.77","6.86","1.41","6.75","1.02","6.2","1.3","3.67","0.52","3.49","0.48","4.19","0.63","0.91","8.21","16.35"
"Ore","MA-201429","Imbasch","2.64","380.0","0.05","0.21","2.65","8.1","2.31","2330.0","0.82","0.37","28.9","0.03","86.0","12.6","5.0","79.9","65.0","80.0","273.0","310.0","27.7","196.0","16.3","2.56","4.4","1.53","770.0","26.9","24.2","10.17","51.0","20.4","3.1","23.1","4.5","26.5","5.5","16.0","2.33","15.4","2.33","0.39","0.09","30.0","3.8","69.0"
"Ore","MA-201430","Hettenleidelheim","30.0","11.3","0.1","0.91","8.15","21.1","0.22","2650.0","2.62","0.51","8.0","0.24","61.0","38.0","3.1","62.59","22.0","44.0","26.0","45.0","104.0","18.7","37.0","4.1","1.98","1.9","1100.0","14.0","27.8","4.26","15.5","4.0","1.07","3.7","0.69","3.8","0.77","1.95","0.28","1.69","0.24","1.06","0.34","1.0","4.1","4.1"
"Ore","MA-201431","Hettenleidelheim","9.6","11.2","0.04","0.38","3.11","8.4","0.31","2320.0","0.85","0.24","3.2","0.08","32.0","18.3","1.08","85.13","32.0","56.0","21.5","6.9","38.0","13.3","17.9","1.46","0.64","1.44","430.0","6.1","13.4","2.04","8.2","2.55","0.61","2.43","0.42","2.74","0.49","1.36","0.19","1.25","0.18","0.42","0.16","0.51","1.51","2.56"
"Ore","MA-201432","Hettenleidelheim","19.0","10.8","0.06","0.63","5.52","13.4","0.3","2260.0","1.49","0.28","6.3","0.12","50.0","29.5","1.11","76.75","13.9","32.0","15.2","12.8","58.0","12.9","86.0","2.7","0.93","1.38","360.0","7.9","27.6","2.34","9.2","2.74","0.65","2.35","0.45","2.68","0.48","1.4","0.19","1.32","0.2","2.84","0.21","0.82","3.2","1.82"
"Ore","MA-201433","Tiefenthal","5.0","7.2","0.03","0.99","1.71","30.0","0.54","3700.0","0.26","0.21","7.6","0.09","152.0","74.0","0.02","66.13","17.2","110.0","16.4","128.0","15.5","29.1","19.8","2.53","16.0","0.78","2200.0","7.9","49.0","2.32","8.7","2.54","0.68","3.2","0.67","3.8","0.86","2.48","0.38","2.15","0.37","0.46","0.22","0.74","2.67","2.99"
"Ore","MA-201434","Tiefenthal","28.0","14.1","0.08","0.81","6.28","17.4","0.24","3400.0","1.85","0.65","7.8","0.18","56.0","34.0","8.3","63.49","34.0","151.0","161.0","11.6","84.0","36.0","37.0","3.8","2.32","1.7","2250.0","25.8","51.0","7.7","31.0","7.7","1.94","8.3","1.27","7.0","1.34","3.6","0.48","2.92","0.44","1.01","0.3","0.97","5.4","2.76"
"Ore","MA-201535","Eisenberg","18.34","10.81","0.15","0.7","4.6","12.74","1.6","3213.52","1.32","1.98","6.07","0.1","128.5","23.53","4.19","72.02","20.02","46.04","21.88","46.3","54.65","36.24","16.94","2.34","20.2","1.3","1787.17","21.66","21.27","6.37","24.86","6.5","1.54","6.35","1.0","5.65","1.11","2.99","0.39","2.48","0.39","0.46","0.18","0.46","2.06","3.95"
"Ore","MA-201912","Hettenleidelheim","6.63","14.87","0.04","0.14","4.9","26.58","0.2","3605.12","0.7","0.3","6.53","0.14","85.89","99.35","0.04","66.29","8.57","55.29","53.2","2245.39","34.88","10.76","37.61","3.51","8.9","1.31","171.84","7.78","11.06","2.63","10.19","2.73","0.69","2.3","0.44","2.5","0.48","1.43","0.19","1.56","0.24","1.63","0.32","1.63","4.08","4.44"
"Ore","MA-201914","Stumpfwald","25.02","30.13","0.11","0.54","7.68","46.72","0.5","3869.76","2.19","0.34","10.03","0.27","63.1","47.94","0.95","40.12","45.89","83.82","51.33","9.17","84.05","13.94","61.61","5.69","0.75","6.69","1111.08","5.07","20.59","2.2","9.17","3.83","1.2","4.79","0.73","3.63","0.62","1.53","0.22","1.3","0.21","1.99","0.46","1.99","2.64","2.04"
"Iron-SI","MA-201419","Eisenberg","36.47","5.64","0.161875","2.040492","10.674166","67.697717","0.005626","1390.51","3.292747","11.086701","19.74","0.48109","1.71","3.93","3.062812","0.994742","0.86","9.27","1.65","1.24","94.68","100.21","166.26","4.2","0.49","0.15","2030.98","58.76","101.33","13.19","52.39","12.41","3.15","13.32","1.92","12.21","2.71","7.82","1.06","7.28","1.15","3.79","0.83","3.79","9.09","9.44"
"Iron-SI","MA-201419","Eisenberg","35.41","5.42","0.151341","2.185227","10.797902","67.871623","0.003877","1224.28","3.042006","11.212028","18.76","0.488284","1.04","2.88","2.68598","1.082349","0.93","8.94","2.51","3.77","83.63","104.67","170.47","4.1","0.01","0.27","1971.27","63.86","110.75","13.92","54.41","12.42","3.33","14.83","2.0","14.01","2.88","8.65","1.33","7.97","1.23","4.55","0.86","4.55","9.89","9.83"
"Iron-SI","MA-201419","Eisenberg","36.24","6.92","0.177733","2.191218","12.666941","69.610402","0.01094","718.32","3.557941","8.422272","25.08","0.624092","0.31","0.01","1.988008","0.334948","0.14","2.75","1.37","0.01","129.53","103.0","162.11","1.21","0.06","0.01","1992.95","64.68","112.0","13.99","53.67","10.96","3.05","16.33","2.28","13.25","2.95","8.3","1.22","8.57","1.44","5.12","0.72","5.12","10.55","9.38"
"Iron-SI","MA-201419","Eisenberg","38.3","6.04","0.182123","2.13257","12.316414","70.414357","0.01","2297.87","3.875552","8.151008","24.41","0.575484","0.52","0.01","1.377719","0.391637","0.34","4.21","1.12","2.26","130.75","111.52","187.96","2.01","0.17","0.01","1980.58","66.66","114.07","14.16","60.64","11.81","3.6","15.37","2.25","14.88","2.75","9.09","1.28","7.63","1.36","5.34","0.77","5.34","10.38","10.5"
"Iron-SI","MA-201419","Eisenberg","36.04","5.81","0.17813","2.015136","12.16687","69.317028","0.01","1757.67","3.883835","8.295995","23.12","0.579803","0.77","1.29","2.671731","0.368592","0.06","0.38","0.86","0.37","126.17","109.6","176.73","3.15","0.27","0.01","1963.99","64.58","113.26","14.37","57.93","13.13","3.31","15.42","2.17","13.2","2.9","8.28","1.2","7.71","1.27","4.55","0.92","4.55","9.77","10.19"
"Iron-SI","MA-201419","Eisenberg","36.46","5.76","0.1687","1.855821","11.853121","69.501509","0.009066","403.52","3.924839","7.982926","21.77","0.549261","2.56","2.78","3.258243","0.520001","0.07","2.18","0.47","0.01","127.94","105.26","181.64","4.46","0.24","0.01","1882.1","61.85","106.48","13.48","56.43","12.41","2.94","14.25","2.09","13.35","2.65","8.71","1.17","6.89","1.08","4.87","0.8","4.87","9.56","10.03"
"Iron-SI","MA-201419","Eisenberg","35.0","8.17","0.172644","1.8958","11.770507","69.334514","0.011164","1681.09","3.826365","7.878116","21.46","0.550184","1.5","3.15","3.483109","0.568493","0.79","5.97","1.53","0.01","123.05","103.55","178.41","3.87","0.35","0.18","1895.6","62.54","106.95","12.82","56.28","13.18","3.11","15.3","2.15","12.6","2.92","8.1","1.22","6.94","1.23","4.43","0.77","4.43","9.35","9.88"
"Iron-SI","MA-201419","Eisenberg","34.67","5.02","0.162178","2.069413","11.241933","69.266646","0.007758","2659.09","3.755508","7.761106","24.28","0.542498","2.11","3.22","2.937272","1.658929","1.85","17.56","4.2","1.06","126.61","104.53","173.14","4.41","0.49","0.01","1817.82","59.49","106.02","13.47","54.99","11.69","3.41","14.69","2.18","14.36","2.92","9.11","1.2","8.02","0.97","4.95","0.78","4.95","9.64","9.38"
"Iron-SI","MA-201419","Eisenberg","32.42","6.56","0.138311","2.123614","10.995875","69.503388","0.01","2900.25","3.201307","7.533052","24.19","0.521592","1.59","2.89","4.420964","0.950781","1.0","13.03","0.93","3.15","111.77","110.89","177.73","5.45","0.63","0.18","1761.63","62.55","108.75","13.47","53.2","12.06","2.94","16.26","2.19","14.02","3.08","8.49","1.18","8.15","1.29","5.05","0.84","5.05","9.46","9.06"
"Iron-SI","MA-201419","Eisenberg","31.3","5.66","0.167954","2.051519","9.775079","67.015454","0.015112","1641.37","3.139268","9.46425","17.79","0.42777","38.73","39.42","5.380824","2.056168","0.19","1.94","0.68","0.01","77.13","92.07","155.83","10.19","0.67","0.27","1907.53","52.64","94.3","11.27","47.66","9.67","2.8","11.9","1.89","11.39","2.34","7.3","1.02","6.15","0.94","3.9","0.76","3.9","8.3","8.44"
"Iron-SI","MA-201419","Eisenberg","33.71","5.74","0.169651","2.105366","9.815758","66.677668","0.036354","1424.96","3.055581","9.560839","19.16","0.433096","42.64","38.81","5.287776","2.374263","0.56","6.92","0.6","0.58","73.9","90.12","153.59","10.5","0.46","0.01","1887.66","53.4","94.77","11.87","47.54","10.3","2.56","12.0","1.88","11.27","2.47","7.08","0.89","7.24","0.98","4.35","0.76","4.35","8.51","8.14"
"Iron-SI-P","MA-201421","Eisenberg","19.78","1.39","0.203913","0.743623","3.933575","45.04814","0.534905","831.32","1.585693","3.341099","9.56","0.214873","20.34","22.66","0.25258","43.974703","5.03","4.33","3.72","0.56","48.16","10.37","128.45","5.01","0.44","1.9","302.91","12.37","24.42","2.73","11.54","2.41","0.44","2.24","0.3","1.85","0.34","1.13","0.11","1.14","0.18","3.75","0.34","3.75","3.6","1.13"
"Iron-SI-P","MA-201421","Eisenberg","17.82","0.85","0.195733","0.760881","3.938739","44.47115","0.511402","1526.51","1.498174","3.331117","8.26","0.224183","21.43","24.61","0.242278","44.589048","12.7","17.05","7.84","4.71","43.09","9.91","120.49","4.91","0.22","1.95","293.11","12.58","24.95","2.99","9.44","2.41","0.57","2.02","0.33","1.36","0.36","0.81","0.12","1.03","0.17","3.55","0.26","3.55","3.36","1.25"
"Iron-SI-P","MA-201421","Eisenberg","27.35","1.28","0.351702","1.016398","5.911864","65.2928","0.366216","1130.44","3.278059","4.655525","12.47","0.301191","26.09","25.68","0.474389","18.123466","2.52","3.47","3.41","6.28","93.98","14.13","176.63","6.78","0.03","4.01","442.39","17.19","35.49","4.29","14.29","3.06","0.58","3.09","0.45","2.63","0.46","1.59","0.3","1.23","0.19","4.74","0.5","4.74","5.27","2.01"
"Iron-SI-P","MA-201421","Eisenberg","37.12","0.94","0.811385","1.389169","6.628565","67.717442","0.118152","2430.69","3.430636","5.683907","15.15","0.338075","32.67","32.85","0.582483","12.921832","22.89","40.68","15.58","35.27","82.78","13.74","169.06","6.63","0.09","3.41","481.95","19.01","37.82","4.73","16.15","3.25","0.58","2.84","0.47","2.42","0.52","2.29","0.18","1.81","0.3","4.1","0.54","4.1","6.1","2.08"
"Iron-SI-P","MA-201421","Eisenberg","41.07","1.03","0.913062","1.4922","7.048478","73.523339","0.145901","2217.36","3.828437","6.21699","15.59","0.395163","35.25","29.57","0.613758","5.465746","1.26","0.8","1.28","1.68","90.32","17.23","212.54","8.64","0.05","1.15","529.3","22.27","45.56","5.07","19.03","3.97","0.92","3.73","0.49","3.16","0.62","1.93","0.31","1.82","0.27","5.12","0.59","5.12","6.29","2.62"
"Iron-SI-P","MA-201421","Eisenberg","23.48","1.15","0.268831","0.903411","4.335181","47.217152","0.289389","1078.84","2.270705","3.760432","10.45","0.220796","22.61","25.27","0.4981","40.011586","68.4","122.02","44.97","59.79","59.18","8.23","105.26","5.34","0.21","5.03","330.2","11.9","26.12","2.28","10.19","2.19","0.41","3.16","0.14","1.29","0.29","1.12","0.2","0.85","0.18","2.87","0.28","2.87","3.36","1.8"
"Iron-SI-P","MA-201421","Eisenberg","29.52","1.29","0.336213","1.265132","5.780962","57.880982","0.282355","1399.81","2.681135","5.800109","12.37","0.313902","30.12","31.34","0.684149","24.70574","19.05","32.4","18.27","37.59","69.65","15.11","173.99","7.46","0.1","4.09","459.33","17.94","37.11","4.18","16.99","3.35","0.64","2.75","0.51","2.57","0.47","1.27","0.26","1.38","0.21","4.68","0.43","4.68","5.59","2.28"
"Iron-SI-P","MA-201421","Eisenberg","34.78","3.39","0.761605","1.284817","5.423673","40.157671","0.129405","0.01","4.06506","6.204667","20.39","0.297945","9.52","16.74","0.42178","41.090724","138.59","189.79","43.02","93.62","82.73","14.95","230.69","7.93","4.21","1.36","411.79","17.58","31.31","4.11","23.1","4.41","1.2","1.29","0.38","2.45","0.75","1.83","0.42","2.6","0.25","4.3","0.58","4.3","6.61","2.1"
"Iron-SI-P","MA-201421","Eisenberg","38.26","1.41","0.845225","1.500737","7.728438","74.482766","0.089952","1950.48","4.358399","7.110755","16.32","0.376012","13.08","5.05","0.529322","2.641061","2.9","6.04","1.28","0.58","103.11","19.65","256.51","8.93","0.04","0.21","578.49","24.25","46.82","5.31","22.38","5.19","1.0","2.83","0.53","2.86","0.72","2.03","0.3","2.58","0.28","6.92","0.75","6.92","6.89","2.7"
"Iron-SI-P","MA-201421","Eisenberg","45.61","0.61","1.258484","3.294783","7.378018","50.727119","0.037467","154.69","5.814694","14.652685","21.71","0.443633","18.09","13.99","1.025351","15.178904","39.54","58.07","16.52","18.73","74.88","17.55","228.12","14.39","0.93","1.48","773.16","29.66","38.23","5.49","35.27","9.71","1.07","3.57","0.59","4.35","0.75","5.22","0.52","4.68","0.36","4.38","1.02","4.38","5.83","2.37"
"Iron-SI-P","MA-201421","Eisenberg","26.44","1.7","0.476839","1.15979","5.42536","62.699207","0.063656","117.29","2.939465","4.869775","12.4","0.317004","12.48","2.8","0.41784","21.476698","92.05","144.92","35.8","51.14","69.59","16.06","204.19","8.93","1.48","1.32","418.16","18.61","38.74","4.67","19.61","4.17","0.53","3.05","0.44","3.02","0.65","1.98","0.14","1.68","0.25","5.01","0.64","5.01","6.26","2.25"
"Iron-SI","MA-201422","Eisenberg","41.47","5.23","0.21901","0.268982","8.955453","35.867568","1.023916","766.83","3.731178","4.452344","7.15","0.416316","63.77","48.8","0.874971","43.952741","4.83","10.64","20.41","1.38","170.19","29.36","172.59","14.8","0.01","1.81","555.69","30.48","72.6","8.52","37.57","9.42","0.87","6.12","0.92","4.93","0.79","3.1","0.37","1.99","0.24","4.69","0.83","4.69","9.35","5.2"
"Iron-SI","MA-201422","Eisenberg","25.59","7.64","0.290346","0.663292","5.363485","31.933203","1.741443","723.42","1.854909","2.828384","11.85","0.348088","209.65","207.48","0.347323","54.394607","1.42","1.54","3.4","0.19","43.29","42.32","225.95","10.43","1.1","1.33","479.18","26.67","51.78","6.58","27.69","6.58","1.43","5.91","0.81","5.82","1.17","4.05","0.47","3.31","0.52","5.32","0.66","5.32","6.11","9.83"
"Iron-SI","MA-201422","Eisenberg","24.99","6.87","0.207819","0.557983","3.956969","27.583222","2.630295","1449.61","1.42088","1.587053","9.95","0.266752","229.29","231.2","0.354305","61.141385","8.13","39.89","6.08","2.38","31.81","34.08","163.91","7.77","2.18","0.5","390.55","19.83","40.69","4.97","22.35","4.72","1.13","5.08","0.77","5.65","0.92","3.39","0.41","2.89","0.31","3.77","0.4","3.77","4.16","8.04"
"Iron-SI","MA-201422","Eisenberg","23.46","9.35","0.339647","0.469841","5.339193","29.081566","5.221788","593.3","2.016812","2.248814","11.45","0.329388","190.33","206.18","0.31136","54.397561","7.75","59.38","8.71","9.97","44.12","48.82","268.67","11.89","1.71","1.73","550.71","30.71","58.79","7.59","32.14","7.44","1.62","6.73","1.04","7.63","1.57","4.09","0.54","3.58","0.49","6.74","0.72","6.74","6.91","12.07"
"Iron-SI","MA-201422","Eisenberg","23.27","5.67","0.176728","0.675763","4.172717","31.092213","2.864227","1424.2","1.032297","1.619565","9.64","0.278401","217.84","275.42","0.380941","57.399805","17.06","132.01","14.61","19.45","26.66","33.16","177.57","7.53","0.61","1.41","393.71","20.1","40.32","5.68","24.72","4.65","1.05","4.43","0.84","5.11","1.05","2.61","0.28","2.69","0.3","4.57","0.47","4.57","4.25","8.38"
"Iron-SI","MA-201423","Eisenberg","20.78","3.42","0.091819","0.238722","4.158383","26.960812","2.023741","680.29","0.868722","2.273968","8.55","0.214928","61.27","42.23","0.356623","62.648593","5.02","1.33","4.08","0.29","26.93","62.77","130.17","5.74","0.76","3.14","232.9","35.68","77.77","8.07","35.37","7.84","1.57","9.2","1.27","8.72","1.74","5.03","0.67","4.21","0.66","3.44","0.53","3.44","4.82","1.18"
"Iron-SI","MA-201423","Eisenberg","20.32","5.22","0.08807","0.232469","4.106785","26.667887","2.005107","2973.77","0.876651","2.273739","8.66","0.214288","66.17","46.06","0.354947","62.786067","5.35","0.01","5.24","0.07","27.37","61.15","130.13","6.13","0.98","2.35","234.18","35.1","76.61","7.88","31.87","8.0","1.38","9.36","1.36","8.88","1.65","5.21","0.76","3.75","0.69","3.15","0.5","3.15","4.53","1.23"
"Iron-SI","MA-201423","Eisenberg","21.68","3.46","0.089509","0.286326","4.00343","28.826523","2.290066","2404.04","0.890137","2.425448","10.28","0.2356","81.44","59.98","0.410281","60.202184","6.48","2.06","6.05","5.67","27.77","65.28","133.13","5.92","0.75","3.36","227.23","34.56","77.21","8.12","34.39","7.3","1.39","8.17","1.34","8.86","1.82","5.55","0.69","4.32","0.63","3.07","0.39","3.07","4.39","1.2"
"Iron-SI","MA-201423","Eisenberg","21.7","4.2","0.10975","0.234035","4.895276","26.57271","2.335679","1158.74","1.074387","2.858958","8.19","0.242173","67.24","43.88","0.339689","61.107421","3.83","1.06","4.07","1.28","32.44","71.37","156.05","7.19","0.81","3.21","305.5","42.86","94.18","10.07","40.71","8.72","1.78","10.15","1.58","9.96","1.99","5.6","0.79","5.02","0.63","3.65","0.53","3.65","5.7","1.56"
"Iron-SI","MA-201423","Eisenberg","23.7","3.65","0.103561","0.252874","4.632475","29.76465","2.432094","934.29","0.977152","2.661303","9.29","0.222323","47.02","28.09","0.3756","58.381524","3.72","0.01","4.13","0.24","30.2","71.83","146.01","7.04","0.22","3.36","270.52","41.51","90.21","9.48","38.58","9.34","1.79","9.53","1.61","9.38","2.05","5.55","0.72","4.53","0.73","3.74","0.53","3.74","5.83","1.52"
"Iron-SI","MA-201423","Eisenberg","21.56","4.69","0.116507","0.206034","4.810404","27.078212","4.163626","1162.41","1.173305","2.855498","7.1","0.223405","45.84","28.43","0.337153","58.811402","4.12","0.01","5.13","2.2","35.24","70.96","149.19","7.11","0.58","3.6","290.79","44.53","95.81","10.28","40.45","9.75","1.91","10.27","1.57","9.18","2.04","5.95","0.72","4.04","0.65","3.87","0.5","3.87","6.0","1.39"
"Iron-SI","MA-201423","Eisenberg","21.54","4.22","0.088332","0.178867","4.045911","22.132366","3.463665","1028.1","0.894721","2.512562","5.82","0.143556","26.13","21.29","0.266903","66.074933","6.55","0.35","3.61","0.33","27.7","61.35","117.5","5.95","1.37","2.89","266.78","39.25","84.05","8.4","36.56","8.64","1.55","9.64","1.29","7.57","1.63","4.76","0.53","3.9","0.45","3.36","0.47","3.36","5.25","1.35"
"Iron-SI","MA-201423","Eisenberg","22.02","4.1","0.093236","0.292453","5.18324","31.090285","1.730318","811.91","0.850478","2.843238","10.13","0.265175","48.75","25.29","0.382726","57.078838","3.71","0.61","3.44","3.58","28.07","73.7","152.53","6.9","0.58","2.73","292.76","44.25","94.17","9.86","36.54","7.88","1.83","9.43","1.35","9.2","2.0","5.47","0.8","5.18","0.72","4.1","0.48","4.1","5.69","1.43"
"Iron-SI","MA-201423","Eisenberg","20.28","3.4","0.14715","0.261425","3.803194","23.039574","3.505613","323.35","1.124317","2.666422","7.4","0.181609","45.02","26.65","0.301554","64.84379","5.92","1.18","3.38","4.1","33.17","54.9","112.56","5.39","1.13","4.61","256.7","33.34","74.13","7.66","29.6","6.84","1.57","8.4","1.11","7.01","1.42","4.5","0.68","3.63","0.5","3.05","0.44","3.05","4.34","1.03"
"Iron-SI","MA-201423","Eisenberg","20.1","3.6","0.064846","0.269249","4.402892","28.849762","2.598133","744.9","0.796877","2.443967","8.81","0.249178","76.08","51.31","0.391841","59.75512","5.12","0.15","4.48","0.25","27.42","67.24","136.39","6.0","0.55","4.49","255.74","38.87","85.87","9.07","36.62","7.88","1.66","8.99","1.42","9.65","1.73","5.03","0.78","4.68","0.69","3.63","0.52","3.63","5.14","1.4"
"Iron-SI","MA-201423","Eisenberg","21.39","3.8","0.098672","0.239203","4.383618","26.700393","2.690237","1476.24","0.95172","2.539395","8.37","0.220273","58.09","39.1","0.347077","61.571528","23.77","29.15","6.85","36.32","29.45","65.7","135.98","6.38","1.04","3.43","260.81","39.14","84.82","8.85","36.33","8.14","1.66","9.22","1.38","8.81","1.79","5.29","0.7","4.29","0.63","3.51","0.48","3.51","5.14","1.33"
"Iron-SI-P","MA-201425","Eisenberg","29.76","5.51","0.147609","0.489308","4.354801","25.206649","6.410275","996.6","1.322356","1.523666","8.84","0.181437","123.56","366.99","0.783438","59.336107","1.46","7.25","12.69","1.42","32.46","31.82","72.72","4.35","0.25","0.16","369.7","20.33","36.78","4.84","19.26","4.72","0.96","4.06","0.55","4.7","0.83","2.9","0.3","2.98","0.39","2.08","0.23","2.08","3.59","6.02"
"Iron-SI-P","MA-201425","Eisenberg","27.21","1.82","0.119189","0.489308","5.539637","22.05227","7.752734","1224.66","0.203767","1.287702","6.62","0.203111","153.26","497.01","0.659446","61.493314","2.25","21.08","13.69","7.25","4.42","27.4","75.99","4.18","0.75","0.62","251.65","16.21","31.57","4.57","16.82","3.57","1.04","4.06","0.42","3.46","0.58","2.37","0.28","2.14","0.28","1.66","0.26","1.66","2.68","5.1"
"Iron-SI-P","MA-201425","Eisenberg","20.0","1.73","0.516882","1.666032","4.0669","33.128823","7.054892","1200.08","1.672712","11.722269","8.82","0.234226","88.35","239.96","0.290937","39.388794","3.66","36.89","12.41","7.94","39.83","18.02","149.01","5.12","0.68","0.39","306.96","16.82","34.43","4.01","16.6","3.15","0.77","3.33","0.53","2.7","0.65","1.58","0.33","1.57","0.23","4.12","0.49","4.12","4.95","2.61"
"Iron-SI-P","MA-201426","Eisenberg","15.46","4.43","0.117909","0.309776","2.951374","27.155502","2.481861","1784.49","1.346468","4.046455","7.6","0.169314","28.2","17.91","0.895162","60.21625","38.19","23.45","5.0","2.38","33.67","46.09","121.56","4.55","0.28","0.56","603.45","26.81","58.18","5.76","25.78","5.03","1.22","6.0","0.96","5.95","1.22","3.68","0.51","2.93","0.57","3.37","0.34","3.37","3.96","1.11"
"Iron-SI-P","MA-201426","Eisenberg","13.7","6.51","0.135603","0.220411","3.420916","26.251091","2.609672","888.84","1.613035","4.691481","6.87","0.168657","18.56","10.63","0.776505","59.863484","137.99","67.96","15.86","2.53","42.63","51.67","139.76","6.17","0.6","0.73","667.44","34.72","76.01","7.48","30.95","6.26","1.45","7.47","1.14","7.73","1.43","4.59","0.45","3.17","0.43","3.59","0.43","3.59","4.41","1.4"
"Iron-SI-P","MA-201426","Eisenberg","15.04","3.93","0.124328","0.307212","3.412796","28.37518","4.513176","1447.0","1.305145","4.318392","8.2","0.238052","33.15","17.48","0.878493","56.239425","66.86","84.3","3.43","13.39","32.7","50.87","155.21","6.06","0.2","1.11","572.54","30.7","64.55","6.53","27.01","6.0","1.47","6.84","0.97","6.64","1.44","4.05","0.52","3.63","0.47","3.77","0.44","3.77","4.12","1.17"
"Iron-SI-P","MA-201426","Eisenberg","8.67","1.99","0.083514","0.257004","1.394549","9.566187","1.164883","405.48","0.399734","1.493505","5.62","0.19389","130.35","133.41","0.686464","84.630568","73.45","49.09","4.32","10.19","7.08","13.71","62.85","1.68","0.49","0.24","179.84","7.77","18.2","1.84","7.19","1.6","0.34","1.88","0.25","1.6","0.42","1.02","0.24","1.05","0.19","1.9","0.14","1.9","1.06","0.46"
"Iron-SI-P","MA-201426","Eisenberg","15.81","4.66","0.105979","0.321917","2.884891","28.468509","2.724454","1514.55","1.253381","4.697643","7.44","0.150427","20.56","19.33","0.927575","58.194282","28.04","13.39","1.78","3.16","34.97","45.51","113.88","4.87","0.41","0.55","542.25","26.88","58.3","5.28","22.12","5.49","1.22","5.64","1.03","5.82","1.26","3.66","0.41","3.41","0.47","3.48","0.32","3.48","3.56","1.1"
"Iron-SI-P","MA-201426","Eisenberg","13.21","5.62","0.142499","0.259622","3.087211","24.127369","3.58304","1320.75","1.288858","3.477473","6.34","0.184548","43.26","33.82","0.829272","62.719375","147.07","249.88","29.51","1.01","33.73","50.42","137.04","5.65","2.06","0.59","582.49","29.52","63.92","6.21","27.61","6.7","1.21","6.86","1.0","7.2","1.43","3.42","0.41","4.05","0.49","3.07","0.43","3.07","3.62","1.17"
"Iron-SI-P","MA-201426","Eisenberg","12.4","3.75","0.127323","0.290157","2.72686","23.263217","3.17087","1264.6","1.097225","3.032394","6.67","0.191462","45.64","30.05","0.834901","64.978634","165.82","323.93","19.88","2.41","30.06","40.77","113.1","4.4","0.89","0.82","499.48","24.77","52.19","4.81","20.48","4.37","1.16","5.35","0.84","5.19","1.17","3.19","0.39","2.93","0.4","3.0","0.34","3.0","3.29","1.22"
"Iron-SI-P","MA-201427","Eisenberg","18.03","5.42","0.327977","0.49893","4.992864","31.008776","1.961081","1538.76","1.403017","1.860498","14.98","0.395105","122.89","134.61","0.319323","56.947485","8.89","20.71","5.91","0.55","37.18","28.4","225.87","9.63","1.0","0.85","361.01","22.69","41.7","5.13","21.29","5.74","0.88","5.38","0.61","5.86","0.99","2.62","0.48","3.02","0.45","5.41","0.59","5.41","5.19","4.4"
"Iron-SI-P","MA-201427","Eisenberg","30.09","12.09","0.317131","0.623462","7.437526","38.362073","1.956221","826.11","1.98961","2.715209","14.79","0.501438","289.49","310.1","0.436338","45.357506","9.33","69.61","9.34","6.45","49.67","57.6","277.37","12.28","0.73","0.88","637.11","34.69","72.41","8.83","37.06","8.0","1.94","8.47","1.33","7.94","1.51","4.38","0.57","4.75","0.7","8.3","0.88","8.3","7.15","13.07"
"Iron-SI-P","MA-201427","Eisenberg","14.32","4.78","0.302104","0.306818","3.559246","30.628369","3.346314","940.07","1.550613","1.933397","7.52","0.216486","43.34","45.38","0.47828","57.469625","4.39","1.03","1.23","0.01","39.23","35.71","215.54","8.17","0.71","0.39","410.57","23.62","45.44","6.24","26.15","6.24","1.1","5.25","1.03","5.97","1.08","3.33","0.45","2.79","0.44","4.99","0.44","4.99","5.22","4.87"
"Iron-SI-P","MA-201427","Eisenberg","15.96","4.3","0.19688","0.370241","3.384686","25.299293","2.525791","2788.96","1.163239","1.514996","12.04","0.232953","177.09","215.91","0.418833","64.488972","4.5","5.72","6.13","1.05","24.75","28.7","151.46","6.99","2.57","0.87","293.76","18.07","38.27","4.56","18.91","4.87","0.95","5.73","0.85","4.5","0.85","2.6","0.34","2.43","0.38","4.28","0.4","4.28","5.2","5.63"
"Iron-SI-P","MA-201427","Eisenberg","20.19","0.69","0.542516","0.95892","4.670657","28.259561","3.312346","1096.16","0.861112","6.05923","7.4","0.308639","122.49","176.48","0.145213","54.649455","1.98","10.44","4.85","2.9","18.33","19.49","172.9","7.97","1.85","0.25","264.83","20.8","41.97","5.07","15.85","2.63","1.02","3.31","0.6","3.59","0.64","1.78","0.26","1.64","0.18","3.92","0.51","3.92","6.23","3.19"
"Iron-SI-P","MA-201427","Eisenberg","16.32","6.08","0.259308","0.399334","4.207177","24.722688","3.695149","1091.46","1.492454","2.397508","8.87","0.196109","99.9","134.55","0.345494","62.042599","6.55","13.93","7.94","3.42","33.49","34.0","146.22","6.93","2.05","0.45","420.33","27.81","54.61","6.56","28.23","6.53","1.6","5.75","1.05","5.73","0.88","3.49","0.41","2.63","0.39","3.6","0.53","3.6","6.86","6.86"
"Iron-SI-P","MA-201427","Eisenberg","19.35","2.09","0.098261","0.494001","2.08868","30.548001","3.011942","1509.24","0.556696","1.134446","11.23","0.179388","141.0","163.88","0.462064","61.175731","3.41","6.61","10.42","4.01","13.92","19.65","95.51","4.14","2.18","0.18","171.31","11.84","24.37","2.77","11.02","2.62","0.49","3.63","0.39","2.12","0.63","2.0","0.39","2.08","0.35","3.13","0.27","3.13","3.27","3.7"
"Iron-SI-P","MA-201427","Eisenberg","22.09","1.75","0.071409","0.565723","2.113927","26.701073","3.304586","1350.02","0.299556","0.647554","10.47","0.203173","165.37","189.56","0.452719","65.419812","8.25","25.08","8.12","5.7","9.78","13.34","91.85","3.51","2.52","0.1","97.15","6.77","11.11","1.6","7.95","1.16","0.32","1.45","0.43","2.82","0.45","1.63","0.13","1.79","0.26","2.33","0.2","2.33","2.44","2.8"
"Iron-SI-P","MA-201427","Eisenberg","23.28","4.46","0.138381","0.489745","2.996898","32.920893","3.587052","2430.28","0.069033","1.160635","11.31","0.174452","104.49","109.82","0.438427","57.683482","18.08","45.85","15.26","9.23","0.42","27.36","100.76","3.59","4.53","0.19","167.87","17.79","41.55","4.85","20.7","4.39","1.13","6.14","0.47","4.43","0.4","2.11","0.2","1.9","0.42","3.18","0.4","3.18","4.93","5.8"
"Iron-SI-P","MA-201427","Eisenberg","23.68","0.01","0.110911","0.450489","2.090013","32.779783","2.650306","2511.6","0.602425","1.03667","7.42","0.13698","131.45","153.74","0.446163","59.341685","16.32","14.37","14.47","6.91","14.98","26.7","115.5","3.98","3.25","0.11","145.62","12.39","27.8","4.08","14.93","4.25","0.83","5.74","0.88","5.32","0.89","1.6","0.19","3.07","0.2","2.95","0.35","2.95","4.33","3.68"
"Iron-SI-P","MA-201427","Eisenberg","17.75","7.79","0.265055","0.344238","4.358914","30.189237","2.818435","1022.16","1.413847","1.811155","9.61","0.272742","160.96","228.62","0.807458","57.459616","4.38","0.51","5.77","0.44","36.93","50.86","207.53","7.88","0.33","0.34","485.99","32.07","58.41","8.23","34.32","8.33","1.61","7.8","1.21","6.89","1.46","4.43","0.56","3.68","0.52","5.5","0.59","5.5","5.7","6.87"
"Iron-SI-P","MA-201427","Eisenberg","15.05","5.61","0.218283","0.447285","4.082797","22.682597","3.454039","1379.26","1.311337","1.904633","11.37","0.253786","168.05","214.48","0.398742","64.974896","1.23","1.78","5.54","0.16","30.43","29.98","171.64","8.5","2.51","0.75","343.52","20.96","43.75","5.49","22.04","5.59","1.1","6.04","0.73","4.9","1.03","3.04","0.37","2.3","0.36","4.09","0.43","4.09","6.1","6.48"
"Iron-SI-P","MA-201427","Eisenberg","20.38","4.71","0.271578","0.428316","5.332778","28.038806","4.427057","1083.88","1.556035","2.260074","10.33","0.232964","71.84","60.47","0.443017","56.777353","1.61","3.19","5.05","1.01","33.94","38.13","211.94","10.02","2.48","0.43","400.0","25.21","53.29","6.49","28.34","5.93","1.6","6.09","1.15","6.18","1.28","3.51","0.56","3.4","0.51","5.36","0.56","5.36","7.39","7.9"
"Iron-SI-P","MA-201427","Eisenberg","18.68","8.01","0.261153","0.322164","4.426183","29.7018","2.843981","1407.02","1.356289","1.819985","9.57","0.282708","170.07","240.14","0.763195","57.921949","14.89","21.05","5.71","0.91","35.43","52.13","210.18","8.76","0.27","0.42","451.18","31.88","57.92","8.4","34.39","7.76","1.83","8.53","1.22","7.64","1.45","3.92","0.56","3.66","0.57","5.66","0.53","5.66","5.56","6.48"
"Iron-SI-P","MA-201427","Eisenberg","18.53","5.11","0.293389","0.427238","5.116228","32.224528","1.661429","1003.29","1.534897","1.659359","11.4","0.384984","118.19","112.58","0.316013","56.152434","17.12","31.05","4.27","0.01","40.18","31.74","238.85","9.41","1.03","0.89","339.68","23.22","43.75","5.38","22.95","4.96","1.1","5.14","0.78","4.68","1.04","2.97","0.4","2.69","0.41","6.64","0.51","6.64","5.96","5.25"
"Bloom","MA-200988-1A","Eisenberg","28.5","19.0","0.15","0.64","8.6","24.3","1.44","350.5","3.15","4.37","9.1","0.26","49.5","29.6","6.7","49.77","1.4","0.2","2.7","0.3","123.4","63.2","113.0","9.2","1.5","1.2","5113.0","29.3","54.8","7.2","33.4","8.6","2.3","12.9","2.1","12.4","2.5","6.3","0.8","4.8","0.6","3.0","0.7","1.0","8.5","14.4"
"Bloom","MA-200988-1A","Eisenberg","18.0","6.4","0.06","1.82","4.6","27.3","0.91","470.3","1.37","2.44","13.0","0.14","52.4","50.9","11.3","49.77","2.3","0.2","1.3","0.3","52.1","41.4","51.8","3.7","2.0","0.5","1793.0","10.5","22.0","2.9","13.0","3.5","0.9","5.9","1.0","6.9","1.5","4.6","0.7","4.7","0.8","1.6","0.3","0.5","3.4","6.6"
"Bloom","MA-200988-1A","Eisenberg","31.6","24.2","0.19","0.22","11.4","20.0","1.45","452.9","3.46","5.43","7.2","0.28","32.7","13.4","3.9","52.82","0.6","0.2","3.6","0.2","146.9","82.6","142.7","11.5","1.3","1.5","6654.7","40.2","72.8","9.8","46.0","12.4","3.3","18.2","2.8","16.9","3.3","8.3","1.0","5.9","0.8","4.2","0.9","1.3","12.1","18.0"
"Bloom","MA-200988-1A","Eisenberg","20.9","8.3","0.09","1.19","5.1","25.2","0.78","568.1","1.52","3.15","11.5","0.19","48.0","30.7","9.6","52.82","1.3","0.2","1.7","0.3","65.4","43.3","56.7","4.0","1.8","0.6","2629.9","14.3","25.3","3.4","15.8","4.4","1.2","6.9","1.1","7.7","1.7","4.9","0.8","4.7","0.8","1.7","0.3","0.5","4.3","6.3"
"Bloom","MA-200988-1A","Eisenberg","16.1","3.0","0.02","2.11","6.2","24.3","0.53","575.2","0.51","1.82","12.2","0.18","74.2","53.5","11.3","52.82","2.0","0.01","0.8","0.2","21.8","26.0","29.8","1.8","1.9","0.2","822.4","5.4","9.9","1.3","6.4","1.9","0.5","3.0","0.5","4.1","1.0","3.2","0.5","3.9","0.6","1.0","0.2","0.2","1.7","2.7"
"Bloom","MA-200988-1A","Eisenberg","20.9","10.4","0.09","1.13","5.9","26.5","0.95","492.8","2.1","3.3","11.7","0.22","44.1","18.6","8.8","50.62","0.8","0.1","1.9","0.01","84.8","57.8","79.4","5.5","1.8","0.8","2831.2","19.0","36.0","5.0","21.3","5.5","1.5","9.3","1.6","10.3","2.1","6.0","0.8","5.5","0.9","2.3","0.5","0.7","5.8","9.3"
"Bloom","MA-200988-1A","Eisenberg","16.9","7.3","0.06","0.84","6.0","19.5","0.76","404.0","1.41","2.59","8.0","0.17","38.2","21.7","6.8","61.54","1.1","0.1","1.3","0.1","63.6","38.1","54.4","4.2","1.2","0.6","2505.9","14.6","28.5","3.6","16.2","4.4","1.2","6.7","1.1","7.0","1.5","4.1","0.6","4.0","0.6","1.8","0.4","0.6","4.4","7.4"
"Bloom","MA-200988-1A","Eisenberg","16.4","7.6","0.08","0.95","4.7","20.5","0.69","405.3","1.39","2.55","8.6","0.16","36.9","20.3","7.1","61.54","1.1","0.2","1.2","0.2","63.5","38.4","53.5","4.2","1.4","0.7","2575.3","14.1","28.5","3.6","15.8","4.6","1.2","6.7","1.1","6.9","1.5","4.2","0.6","4.0","0.6","1.6","0.4","0.5","4.3","8.0"
"Bloom","MA-200988-1A","Eisenberg","20.6","13.4","0.12","1.02","6.5","23.1","1.11","475.2","2.31","3.49","9.5","0.17","32.8","24.7","7.1","54.55","34.9","9.3","4.0","0.2","104.4","57.2","86.0","6.9","1.6","1.1","4105.2","25.3","48.0","6.1","28.4","7.9","2.0","11.1","1.8","10.9","2.3","6.2","0.8","5.5","0.8","2.6","0.6","1.0","7.7","12.4"
"Bloom","MA-200988-1A","Eisenberg","30.8","15.4","0.18","0.47","8.5","21.2","1.14","368.4","3.33","4.33","7.6","0.25","56.9","43.7","5.4","54.55","5.5","1.2","2.9","0.01","158.0","58.3","97.9","8.2","1.5","1.3","5550.3","30.1","59.1","7.3","31.8","8.6","2.4","12.8","1.9","11.3","2.2","5.9","0.8","4.7","0.6","3.0","0.7","1.1","9.0","15.7"
"Bloom","MA-200988-1A","Eisenberg","20.0","9.6","0.09","1.33","4.9","24.3","0.85","385.5","1.78","3.0","10.1","0.18","47.2","31.6","8.6","54.55","1.9","0.3","1.8","0.3","78.3","43.0","65.2","5.3","1.6","0.8","3160.9","17.8","37.9","4.6","19.4","5.5","1.5","8.2","1.3","8.1","1.6","4.8","0.7","4.6","0.7","2.1","0.4","0.7","5.3","10.7"
"Bloom","MA-200988-1B","Eisenberg","30.3","12.4","0.14","1.0","6.8","26.1","1.02","170.9","2.89","3.61","8.5","0.18","31.4","13.1","7.0","50.68","0.6","0.2","3.0","0.01","115.2","43.3","68.5","6.9","1.2","0.9","4009.2","19.9","45.9","5.2","21.9","5.9","1.7","8.0","1.3","7.3","1.5","4.0","0.5","3.4","0.5","1.7","0.4","1.0","4.8","11.2"
"Bloom","MA-200988-1B","Eisenberg","25.3","13.1","0.17","0.5","7.4","26.0","0.97","207.2","3.21","3.9","7.6","0.18","14.5","1.8","6.4","50.68","0.8","0.3","3.1","0.3","115.3","45.6","63.3","6.8","1.2","1.2","4242.6","20.4","47.6","5.3","22.1","5.9","1.7","8.5","1.3","8.0","1.6","4.5","0.6","3.8","0.5","1.6","0.4","1.1","5.0","12.3"
"Bloom","MA-200988-1B","Eisenberg","24.7","13.8","0.14","0.74","6.2","26.6","1.07","226.2","2.78","3.75","8.5","0.19","19.1","3.7","7.3","50.68","2.7","0.2","3.4","0.3","95.6","48.5","76.1","7.6","1.5","1.3","4209.7","22.6","53.3","5.9","25.4","6.7","1.9","9.8","1.5","8.8","1.8","4.7","0.6","4.1","0.5","1.9","0.5","1.2","5.7","13.8"
"Bloom","MA-200988-1B","Eisenberg","23.0","9.8","0.12","0.9","6.2","25.0","0.85","212.4","2.11","3.19","8.8","0.2","29.4","8.8","7.9","53.19","0.7","0.2","1.2","0.3","81.4","42.6","61.5","5.5","1.3","0.7","3177.4","17.3","37.8","4.3","18.7","5.2","1.5","7.8","1.2","7.6","1.5","4.5","0.6","4.0","0.6","1.6","0.4","0.8","4.6","9.5"
"Bloom","MA-200988-1B","Eisenberg","27.2","13.3","0.17","0.59","7.2","24.0","0.99","242.8","2.91","3.85","7.6","0.19","19.2","4.8","6.3","53.19","1.2","0.2","1.4","0.3","111.1","44.4","69.6","7.1","1.0","1.0","4623.0","22.5","51.6","5.8","24.2","6.6","2.1","9.2","1.4","8.6","1.7","4.5","0.6","3.8","0.5","1.9","0.5","1.1","5.7","13.3"
"Bloom","MA-200988-1B","Eisenberg","19.6","10.5","0.04","0.91","6.1","26.1","0.99","291.1","1.92","2.59","8.8","0.2","33.6","10.3","7.5","53.19","7.0","0.5","6.5","0.5","77.6","42.2","64.7","5.7","1.3","0.9","3253.4","18.0","41.9","4.8","20.2","5.5","1.7","8.0","1.3","7.9","1.5","4.5","0.6","3.9","0.6","1.8","0.4","0.9","5.0","11.0"
"Bloom","MA-200988-1B","Eisenberg","29.8","10.7","0.11","0.74","8.1","23.4","0.83","223.4","2.21","3.44","7.9","0.26","39.1","11.0","7.5","52.93","0.5","0.01","2.1","0.4","88.0","40.2","64.4","5.9","1.2","0.8","3439.8","17.8","37.8","4.4","19.3","5.4","1.4","7.6","1.2","7.3","1.5","4.2","0.6","3.7","0.5","1.7","0.4","0.8","4.6","9.1"
"Bloom","MA-200988-1B","Eisenberg","26.5","11.5","0.12","0.85","7.4","23.5","0.85","236.0","2.29","3.44","8.4","0.24","39.2","12.7","7.9","52.93","0.6","0.1","2.5","0.3","92.1","41.4","65.4","6.0","1.3","0.8","3570.7","18.0","39.1","4.5","19.2","5.3","1.5","7.8","1.2","7.4","1.5","4.1","0.6","3.7","0.5","1.6","0.4","0.8","4.6","9.0"
"Bloom","MA-200988-1B","Eisenberg","29.3","12.6","0.19","0.91","6.3","24.5","0.89","232.3","2.18","3.62","8.9","0.22","35.0","12.0","7.7","52.93","0.6","0.2","2.1","0.4","90.1","44.0","71.2","6.3","1.2","1.0","3857.6","18.5","41.1","4.8","20.6","5.7","1.6","8.0","1.3","7.5","1.6","4.4","0.6","4.0","0.6","1.9","0.4","0.9","4.5","9.8"
"Bloom","MA-200988-1B","Eisenberg","32.8","19.0","0.23","0.34","8.9","23.6","1.31","174.2","0.01","4.61","6.4","0.22","20.8","5.3","4.4","51.29","0.3","0.2","5.2","0.3","172.6","54.8","95.4","10.2","1.0","1.6","5880.5","31.3","74.3","8.2","33.4","9.4","2.7","12.5","1.9","11.1","2.1","5.5","0.7","4.0","0.5","2.4","0.7","1.5","8.0","18.5"
"Bloom","MA-200988-1B","Eisenberg","27.5","9.7","0.1","1.01","6.1","26.2","0.87","219.8","1.75","2.98","8.9","0.22","44.8","14.8","9.1","51.29","0.7","0.01","2.4","0.3","75.5","34.1","55.3","5.3","1.5","0.9","3031.2","14.4","35.8","4.0","16.1","4.4","1.2","6.3","1.1","6.2","1.3","3.7","0.5","3.3","0.5","1.5","0.4","0.8","3.9","10.1"
"Bloom","MA-200988-1B","Eisenberg","32.5","16.3","0.17","0.82","6.6","25.6","1.09","202.8","2.76","3.94","8.0","0.22","35.2","12.1","6.9","51.29","0.6","0.2","3.2","0.3","113.3","44.4","84.9","8.3","1.4","1.5","5245.0","22.6","52.1","5.9","25.1","6.6","1.9","9.6","1.5","8.6","1.7","4.6","0.6","3.6","0.5","2.1","0.6","1.3","5.9","13.9"
"Bloom","MA-200988-1B","Eisenberg","38.4","15.9","0.2","0.47","8.6","22.4","1.18","171.3","3.48","4.41","6.0","0.18","20.2","10.2","5.3","53.16","2.4","0.5","3.5","0.4","142.3","47.3","79.6","8.1","1.2","1.4","5116.5","25.6","57.4","6.5","26.9","7.1","2.0","10.1","1.5","8.8","1.7","4.5","0.6","3.5","0.5","2.0","0.5","1.1","6.4","13.7"
"Bloom","MA-200988-1B","Eisenberg","21.9","10.8","0.15","0.94","6.9","24.3","0.84","190.9","2.45","3.35","8.2","0.2","33.2","13.6","7.3","53.16","1.6","0.01","2.7","0.2","103.8","38.9","64.6","5.7","1.3","0.9","3440.0","18.2","39.4","4.5","18.7","5.0","1.4","7.2","1.1","6.7","1.4","3.8","0.5","3.3","0.5","1.7","0.4","0.8","4.3","9.3"
"Bloom","MA-200988-1B","Eisenberg","26.7","9.3","0.1","0.92","6.5","24.2","0.89","196.5","2.51","3.03","8.2","0.23","70.6","52.6","8.1","53.16","1.8","0.2","3.1","0.4","99.8","36.4","65.7","5.4","1.6","0.8","2897.3","16.3","35.2","4.1","17.3","5.0","1.3","6.9","1.1","6.2","1.2","3.6","0.5","2.9","0.4","1.6","0.4","0.7","4.1","8.5"
"Bloom","MA-200988-2B","Eisenberg","34.5","15.8","0.09","1.96","8.9","20.1","1.12","797.5","0.83","1.56","10.2","0.68","197.0","74.9","5.3","59.04","928.0","328.7","117.5","50.9","61.8","48.5","133.6","9.2","7.0","1.3","596.3","30.4","65.2","8.1","34.0","8.5","2.0","12.3","2.0","10.4","2.2","5.3","0.7","4.2","0.5","3.9","0.7","0.9","8.1","15.5"
"Bloom","MA-200988-2B","Eisenberg","26.4","13.5","0.15","0.49","6.7","20.1","1.11","211.8","2.73","3.44","7.2","0.27","65.9","30.6","5.4","59.04","6.0","2.8","2.4","0.01","118.0","47.5","90.9","7.3","1.6","1.1","4431.9","24.0","50.9","6.2","26.5","6.9","1.9","10.6","1.6","9.6","1.9","4.9","0.6","4.1","0.5","2.8","0.6","1.0","7.3","14.4"
"Bloom","MA-200988-2B","Eisenberg","19.5","6.8","0.07","0.88","7.1","20.4","0.66","220.1","1.23","2.41","7.4","0.21","56.1","30.1","7.7","59.04","2.2","0.4","1.4","0.01","57.3","29.9","43.4","3.7","1.6","0.5","2138.9","12.3","25.9","3.2","13.5","3.5","1.0","5.5","0.9","5.5","1.2","3.3","0.5","3.0","0.5","1.3","0.3","0.6","3.7","7.2"
"Bloom","MA-200988-2B","Eisenberg","26.0","10.8","0.11","0.85","7.2","25.5","0.99","269.3","2.78","3.62","9.0","0.23","38.9","12.5","7.2","50.96","0.6","0.01","3.2","0.01","119.0","52.6","76.5","6.0","1.5","0.8","3865.4","24.1","50.7","6.1","25.9","6.8","1.9","10.2","1.7","9.9","2.0","5.5","0.7","4.8","0.7","2.3","0.5","1.0","6.8","12.8"
"Bloom","MA-200988-2B","Eisenberg","26.8","9.3","0.13","1.0","7.1","25.9","0.83","269.3","1.98","3.53","9.4","0.21","33.6","10.4","8.0","50.96","0.8","0.1","1.8","0.3","95.2","43.8","56.4","4.6","1.5","0.8","3501.8","18.4","39.2","4.6","19.4","5.6","1.6","7.9","1.4","7.6","1.6","4.7","0.6","4.5","0.7","1.7","0.4","0.8","5.1","9.8"
"Bloom","MA-200988-2B","Eisenberg","24.4","9.8","0.11","1.13","7.4","24.8","0.86","277.7","1.82","3.38","9.4","0.22","39.3","13.8","8.9","50.96","0.8","0.2","2.1","0.2","79.4","43.0","59.2","5.1","1.7","0.8","3180.0","16.6","34.9","4.1","19.1","5.2","1.5","7.6","1.3","7.9","1.7","4.8","0.7","4.4","0.7","1.7","0.4","0.8","4.7","9.2"
"Bloom","MA-200988-2B","Eisenberg","26.5","13.0","0.13","0.89","7.1","24.5","0.94","233.5","2.27","3.86","8.7","0.22","34.5","11.4","7.4","52.17","0.8","0.01","2.2","0.2","101.7","48.6","75.0","6.7","1.6","1.0","4554.5","21.7","46.5","5.5","23.5","6.4","1.9","9.2","1.5","8.9","1.8","4.9","0.7","4.5","0.6","2.2","0.5","1.0","6.0","11.8"
"Bloom","MA-200988-2B","Eisenberg","21.5","8.3","0.08","1.15","7.2","24.6","0.81","242.4","1.73","3.27","9.5","0.23","42.3","15.8","8.4","52.17","0.5","0.2","1.7","0.3","79.5","46.6","63.7","4.9","1.7","0.7","2972.4","17.6","37.4","4.5","18.6","5.5","1.5","8.0","1.3","7.9","1.7","4.8","0.7","4.5","0.6","1.8","0.4","0.8","4.8","9.0"
"Bloom","MA-200988-2B","Eisenberg","26.8","14.5","0.16","0.84","7.7","23.2","1.01","231.0","3.13","4.21","8.4","0.22","31.3","11.4","6.7","52.17","0.4","2.3","2.5","0.4","124.8","54.6","82.7","7.5","1.4","1.1","5073.0","25.3","53.1","6.3","28.1","8.0","2.4","10.6","1.7","9.9","2.0","5.8","0.7","4.9","0.6","2.3","0.5","1.1","6.8","13.3"
"Bloom","MA-200988-2B","Eisenberg","25.6","9.1","0.09","1.11","7.4","24.9","0.82","219.2","1.35","3.08","8.9","0.23","42.3","15.5","8.5","52.17","0.5","0.01","1.3","0.2","64.8","41.7","59.7","4.9","1.8","0.6","2776.9","15.6","34.2","4.1","16.9","4.7","1.3","7.1","1.2","7.2","1.5","4.1","0.6","3.8","0.6","1.7","0.4","0.7","4.5","8.6"
"Bloom","MA-200988-2B","Eisenberg","26.6","15.7","0.03","0.32","8.8","20.4","1.02","201.9","3.52","4.34","7.0","0.27","56.0","26.0","4.8","55.8","0.3","0.2","2.6","0.01","146.4","59.1","88.3","7.7","1.2","1.1","5650.8","28.4","59.3","7.2","30.8","8.5","2.4","12.2","1.9","10.5","2.1","5.5","0.7","4.3","0.5","2.3","0.6","1.0","7.4","13.5"
"Bloom","MA-200988-2B","Eisenberg","27.3","13.6","0.16","0.46","8.0","21.5","0.97","258.8","2.63","4.08","6.5","0.17","19.9","6.7","5.8","55.8","6.9","5.4","16.6","2.9","106.4","48.7","72.5","6.9","2.9","1.3","4372.8","22.5","48.7","5.9","26.0","6.9","2.0","9.3","1.5","9.0","1.9","5.1","0.7","4.1","0.5","2.0","0.5","1.0","6.1","11.8"
"Bloom","MA-200988-2B","Eisenberg","14.0","1.4","0.01","1.99","5.0","23.8","0.34","225.3","0.21","1.38","10.6","0.18","101.1","82.7","10.7","56.19","2.7","0.2","1.6","0.01","9.9","18.2","19.5","1.0","1.9","0.1","429.8","2.6","5.5","0.6","3.0","1.0","0.2","1.7","0.3","2.5","0.6","2.1","0.4","2.8","0.5","0.7","0.1","0.1","0.8","1.4"
"Bloom","MA-200988-2B","Eisenberg","22.6","6.5","0.06","1.49","3.5","25.0","0.54","344.0","1.18","2.19","10.3","0.13","30.6","24.2","9.4","56.19","67.3","10.3","16.0","0.3","46.5","32.6","41.8","3.5","1.7","0.6","1630.7","9.8","22.1","2.6","11.6","3.2","0.9","4.9","0.9","5.6","1.2","3.7","0.5","3.8","0.6","1.1","0.3","0.4","2.9","6.0"
"Bloom","MA-200988-2B","Eisenberg","19.1","5.2","0.04","0.99","6.8","22.5","0.58","211.1","1.4","2.41","9.1","0.26","89.1","47.8","8.5","56.19","1.9","0.2","2.1","0.01","57.0","29.7","43.8","3.2","1.8","0.4","1721.4","11.0","23.4","2.8","11.8","3.1","0.9","5.0","0.8","5.1","1.1","3.2","0.5","3.2","0.5","1.3","0.3","0.5","2.9","5.7"
