Material,Sample,Site,Li,Be,S,Sc,V,Cr,Co,Ni,Cu,Zn,Ga,As,Rb,Sr,Y,Zr,Nb,Mo,Sn,Sb,Cs,Ba,La,Ce,Pr,Nd,Sm,Eu,Gd,Tb,Dy,Ho,Er,Tm,Yb,Lu,Hf,Ta,W,Th,U,Ce*,Eu*
Ore,MA-200975,Eisenberg,28.700,4.150,481.610,7.600,48.120,31.540,7.350,22.970,32.450,143.680,9.850,36.730,101.310,83.280,25.770,36.900,4.760,3.260,1.980,1.600,11.450,697.270,13.560,24.240,3.250,15.860,4.420,1.010,4.850,0.780,4.730,0.960,2.690,0.370,2.400,0.350,1.170,0.360,1.130,5.190,1.640,0.833,1.016
Ore,MA-200977,Eisenberg,18.610,9.660,262.730,6.270,70.220,36.660,14.530,58.070,30.090,87.710,8.270,43.760,68.960,241.860,53.390,23.290,3.040,35.450,1.310,4.420,8.380,1421.890,31.020,42.300,10.690,52.720,13.540,2.990,14.060,1.970,10.570,1.950,5.090,0.610,3.650,0.540,0.680,0.220,0.880,3.710,2.200,0.520,1.013
Oven Slag,MA-200978,Eisenberg,19.330,4.800,376.970,7.890,43.840,30.630,32.220,27.710,369.670,25.050,12.750,51.710,70.500,149.470,25.520,264.240,5.440,2.320,2.460,2.240,6.410,817.920,18.820,32.180,4.420,19.180,4.430,0.860,4.720,0.710,4.250,0.850,2.340,0.330,2.120,0.320,7.850,0.470,2.880,6.780,4.080,0.805,0.878
Oven Slag,MA-200979,Eisenberg,27.490,3.170,238.360,8.740,34.660,27.190,1.600,3.480,24.990,27.920,5.810,0.700,87.030,115.640,25.390,175.660,6.010,0.650,0.980,0.210,7.920,780.070,19.550,34.730,4.550,19.280,4.370,0.910,4.280,0.680,4.190,0.830,2.400,0.340,2.240,0.340,4.820,0.510,0.790,7.110,3.570,0.840,0.986
Oven Slag,MA-200980,Eisenberg,33.880,4.060,231.150,10.430,41.780,34.950,1.580,2.450,33.510,28.130,6.970,1.030,108.170,135.960,27.450,145.650,6.960,0.770,1.180,0.230,10.720,1050.000,21.770,38.790,4.990,22.630,5.520,1.140,4.810,0.730,4.620,0.960,2.740,0.370,2.730,0.370,4.170,0.610,0.890,7.440,4.120,0.849,1.040
Oven Slag,MA-200981,Eisenberg,9.690,0.960,176.170,5.100,12.890,16.490,5.360,18.000,12.130,12.870,3.960,3.880,19.430,48.530,14.930,64.000,2.730,0.500,0.970,0.200,1.630,187.930,11.160,16.470,2.210,9.700,2.270,0.510,2.340,0.350,2.280,0.470,1.380,0.210,1.370,0.190,1.900,0.230,0.850,3.020,1.040,0.753,1.035
Oven Slag,MA-200983,Eisenberg,28.160,10.450,349.270,11.940,60.780,39.620,127.130,247.920,345.920,54.880,10.550,111.890,108.860,253.400,27.750,248.440,7.600,5.300,2.740,3.960,10.630,605.710,26.020,45.300,5.940,27.050,6.100,1.080,5.930,0.860,4.930,0.980,2.840,0.420,2.790,0.430,6.960,0.660,1.580,10.050,8.600,0.831,0.842
Smithing Slag,MA-200984,Eisenberg,18.700,9.630,3164.080,7.690,34.560,36.380,3.940,10.580,30.630,10.420,5.500,2.570,74.410,113.090,24.560,88.780,5.200,4.210,1.660,1.590,6.210,988.410,21.010,39.990,5.630,19.780,4.680,0.980,4.430,0.740,4.210,0.840,2.330,0.300,1.940,0.290,2.370,0.450,2.370,6.530,2.260,0.837,1.010
Smithing Slag,MA-200985,Eisenberg,6.450,0.430,314.130,4.330,20.490,15.500,58.670,409.590,60.580,12.210,3.370,53.760,16.280,96.760,7.570,74.630,3.020,4.300,1.460,2.190,0.760,253.030,6.700,10.270,1.430,6.090,1.330,0.260,1.350,0.200,1.240,0.250,0.770,0.110,0.710,0.120,2.210,0.190,0.600,2.300,0.550,0.756,0.908
Smithing Slag,MA-200986,Eisenberg,10.060,2.140,251.320,5.360,16.650,15.440,71.920,17.120,48.260,22.200,3.700,3.920,53.610,57.410,11.260,70.350,2.940,1.430,1.410,0.750,5.010,250.310,10.080,17.700,2.380,9.500,2.320,0.420,2.080,0.300,1.960,0.390,1.210,0.180,1.190,0.170,1.990,0.260,0.640,4.200,1.370,0.824,0.898
Smithing Slag,MA-200987,Eisenberg,5.880,0.760,1749.540,2.050,11.440,11.140,0.010,934.440,66.260,17.490,2.460,26.950,11.250,55.770,3.040,18.370,1.010,8.000,1.130,0.770,0.770,246.850,3.160,6.320,0.900,2.970,0.660,0.150,0.580,0.090,0.530,0.110,0.320,0.040,0.300,0.050,0.580,0.090,0.580,0.990,0.400,0.851,1.139
Plate Slag,MA-200989,Eisenberg,27.550,9.720,235.990,10.380,33.490,27.770,5.500,3.810,29.420,64.000,6.490,0.910,56.960,136.920,58.920,291.210,6.220,0.620,1.340,0.090,5.340,517.110,24.960,44.760,6.440,30.570,7.950,1.690,9.020,1.400,8.760,1.930,5.380,0.750,4.660,0.680,8.420,0.560,0.810,7.730,6.630,0.804,0.928
Plate Slag,MA-200990,Eisenberg,11.480,1.640,167.610,4.600,11.880,10.340,3.580,3.460,9.450,4.970,3.880,1.490,30.720,51.400,10.320,94.610,2.200,0.330,0.980,0.320,2.710,240.970,7.660,12.470,1.660,7.130,1.720,0.360,1.630,0.260,1.560,0.320,0.940,0.130,0.930,0.140,2.730,0.190,0.450,2.660,0.840,0.797,1.009
Plate Slag,MA-200991,Eisenberg,5.880,0.390,162.570,2.650,3.290,5.410,14.790,62.420,11.900,5.440,2.910,2.850,9.170,22.260,6.700,47.940,1.060,0.230,0.850,0.200,0.750,63.440,5.260,7.860,1.080,4.580,0.970,0.200,1.010,0.160,0.960,0.200,0.570,0.080,0.540,0.080,1.380,0.100,0.720,1.520,0.420,0.750,0.944
Plate Slag,MA-200992,Eisenberg,34.160,10.130,290.890,12.130,44.440,36.770,3.800,2.720,18.640,49.160,9.760,1.450,110.110,310.930,33.220,324.420,8.510,1.120,1.540,0.130,11.720,941.290,29.210,51.530,6.830,28.250,6.310,1.170,6.120,0.930,5.600,1.130,3.320,0.460,3.190,0.470,9.140,0.740,1.300,11.670,6.780,0.832,0.883
Plate Slag,MA-200994,Eisenberg,49.670,8.430,320.490,11.720,34.570,30.840,3.960,4.500,7.140,32.910,6.790,2.670,98.420,103.770,48.980,248.050,7.030,0.630,1.260,0.190,8.800,473.550,25.490,46.340,6.020,26.300,6.710,1.360,7.030,1.140,7.100,1.530,4.480,0.650,4.260,0.630,6.780,0.620,1.000,8.960,6.010,0.853,0.925
Plate Slag,MA-200995,Eisenberg,37.950,13.020,271.910,13.750,49.090,39.010,11.830,12.360,10.680,72.630,9.000,5.520,102.890,290.390,40.090,133.750,7.490,1.280,1.320,0.140,9.120,555.060,28.830,45.350,5.820,25.380,5.550,1.110,6.030,0.920,5.590,1.200,3.560,0.480,3.250,0.460,4.000,0.660,0.770,7.840,14.800,0.796,0.895
Plate Slag,MA-200996,Eisenberg,33.370,8.510,391.430,11.330,33.870,31.700,9.140,6.660,26.440,45.940,8.310,3.570,81.130,161.410,55.300,215.000,7.160,0.720,1.630,0.270,7.850,584.640,26.080,46.240,6.150,26.110,6.450,1.370,7.500,1.140,7.230,1.570,4.440,0.590,3.730,0.570,6.180,0.650,1.090,9.060,8.350,0.833,0.914
Plate Slag,MA-200997,Eisenberg,34.000,12.900,2510.000,11.300,45.000,36.000,7.800,9.400,78.000,281.000,7.300,1.700,104.000,370.000,38.000,122.000,7.600,1.310,2.100,0.100,8.100,350.000,31.000,55.000,7.500,24.600,5.500,1.250,5.300,0.910,5.100,1.070,3.000,0.410,2.740,0.370,2.890,0.590,1.240,7.300,9.800,0.822,1.086
Plate Slag,MA-200998,Eisenberg,28.620,5.560,288.520,9.940,32.630,21.820,7.900,6.390,53.240,54.530,7.870,3.020,101.930,213.450,29.210,171.010,6.110,1.010,1.510,0.170,9.370,646.970,22.870,39.840,5.250,23.120,5.250,1.050,5.220,0.790,4.790,0.980,2.810,0.390,2.580,0.390,4.340,0.540,1.130,7.940,7.350,0.829,0.939
Plate Slag,MA-200999,Eisenberg,18.980,8.750,323.530,9.880,22.440,34.310,4.390,5.190,68.150,37.040,4.060,3.630,56.310,126.680,72.520,128.140,6.580,1.220,5.810,0.290,5.100,411.690,39.290,57.620,7.880,35.220,8.310,1.930,9.850,1.480,9.010,1.920,5.230,0.730,4.750,0.610,3.680,0.550,0.830,7.180,4.900,0.744,0.988
Flow Slag,MA-201000,Eisenberg,21.890,3.000,276.090,10.080,31.230,46.600,2.790,13.180,7.810,36.820,5.740,1.590,58.200,94.350,47.650,219.840,5.790,0.680,0.760,0.060,4.210,382.520,25.910,38.870,5.280,22.690,5.190,1.150,5.780,0.940,5.870,1.260,3.690,0.510,3.280,0.480,6.050,0.500,0.710,5.510,4.380,0.756,0.977
Flow Slag,MA-201001,Eisenberg,24.210,6.620,302.090,10.540,31.330,29.710,7.270,2.530,11.330,12.130,5.620,2.230,80.610,232.640,28.030,242.840,6.820,1.480,1.220,0.100,7.400,461.320,25.890,44.810,6.080,25.420,5.910,1.080,5.370,0.830,4.980,0.990,2.850,0.410,2.780,0.400,6.490,0.600,1.050,9.640,4.540,0.814,0.900
Flow Slag,MA-201002,Eisenberg,26.150,3.800,390.900,12.580,44.380,59.630,2.500,15.020,11.390,42.270,6.550,1.290,69.080,120.800,57.650,218.840,7.050,0.720,0.900,0.070,4.980,462.950,30.810,45.470,6.070,26.950,6.150,1.330,6.970,1.100,7.060,1.500,4.350,0.610,3.960,0.570,6.070,0.620,0.700,6.690,4.950,0.755,0.944
Flow Slag,MA-201003,Eisenberg,27.230,7.020,275.110,8.180,20.410,14.450,6.650,4.910,15.430,41.910,5.810,2.410,71.700,71.240,42.420,127.480,4.130,0.620,1.160,0.210,6.120,363.160,17.950,32.500,4.310,19.050,5.000,1.070,5.690,0.890,5.680,1.190,3.570,0.520,3.390,0.520,3.690,0.380,0.810,6.000,4.960,0.843,0.932
Flow Slag,MA-201004,Eisenberg,15.950,2.140,367.150,6.740,45.740,19.850,10.750,17.610,18.380,36.310,6.510,30.860,48.720,113.010,13.630,113.550,4.520,2.370,1.760,0.460,3.440,762.300,15.060,25.350,3.350,14.750,3.400,0.680,2.960,0.420,2.470,0.480,1.370,0.200,1.350,0.190,3.620,0.360,1.020,4.680,1.320,0.813,1.007
Flow Slag,MA-201005,Eisenberg,26.740,8.480,293.670,12.490,46.130,40.670,4.430,4.460,9.050,25.970,6.610,1.030,139.980,163.490,67.000,322.620,6.750,0.640,0.970,0.050,18.050,825.780,29.660,61.800,7.990,38.820,10.440,2.160,11.690,1.730,10.100,2.070,5.800,0.790,4.970,0.710,9.360,0.630,0.790,9.530,3.390,0.914,0.910
Flow Slag,MA-201006,Eisenberg,12.580,1.710,233.800,6.200,17.970,15.700,19.150,11.640,18.780,21.760,6.540,9.670,30.010,122.580,18.280,253.170,4.240,0.360,1.200,0.310,1.950,410.480,13.650,22.920,3.020,12.830,3.280,0.550,2.790,0.420,2.590,0.540,1.490,0.230,1.610,0.220,6.710,0.370,0.910,4.790,1.210,0.814,0.854
Flow Slag,MA-201008,Eisenberg,12.680,4.980,260.730,5.430,13.270,14.760,0.870,4.370,9.710,12.260,5.790,0.490,53.050,98.650,17.310,92.390,4.190,0.230,1.270,0.000,4.340,398.470,15.700,23.750,3.340,14.000,2.750,0.640,2.910,0.430,2.800,0.530,1.550,0.190,1.400,0.200,2.710,0.360,1.870,4.510,3.320,0.747,1.056
Flow Slag,MA-201010,Eisenberg,35.810,4.240,293.190,11.820,47.900,38.420,1.890,2.520,28.070,27.210,7.840,1.040,108.970,147.330,35.660,268.870,8.390,0.710,1.110,0.100,10.450,1055.290,26.690,45.280,6.280,26.300,6.380,1.260,5.970,0.940,5.760,1.180,3.410,0.490,3.230,0.460,7.160,0.740,1.020,9.410,4.210,0.798,0.958
Flow Slag,MA-201011,Eisenberg,34.230,7.120,282.860,11.800,36.760,28.420,16.470,3.670,69.320,128.510,6.340,1.420,64.350,137.580,50.210,349.350,7.180,0.480,1.620,0.170,5.160,647.520,25.140,44.120,6.230,27.130,7.050,1.480,8.230,1.310,8.120,1.700,4.890,0.710,4.730,0.700,9.380,0.630,1.010,9.240,9.240,0.804,0.901
Flow Slag,MA-201012,Eisenberg,37.050,14.820,333.110,12.710,37.410,31.440,7.480,6.970,8.250,37.390,8.830,3.100,111.220,303.350,38.060,146.150,7.660,1.600,1.640,0.130,10.990,441.140,30.610,48.670,6.510,28.770,6.860,1.410,6.750,1.020,6.200,1.300,3.670,0.520,3.490,0.480,4.190,0.630,0.910,8.210,16.350,0.785,0.971
Ore,MA-201429,Imbasch,2.640,380.000,2330.000,28.900,86.000,12.600,65.000,80.000,273.000,350.000,5.500,310.000,27.700,88.000,196.000,16.300,2.560,4.400,1.530,26.600,7.200,770.000,26.900,24.200,10.170,51.000,20.400,3.100,23.100,4.500,26.500,5.500,16.000,2.330,15.400,2.330,0.390,0.090,30.000,3.800,69.000,0.325,0.664
Ore,MA-201430,Hettenleidelheim,30.000,11.300,2650.000,8.000,61.000,38.000,22.000,44.000,26.000,116.000,8.900,45.000,104.000,84.000,18.700,37.000,4.100,1.980,1.900,3.800,12.500,1100.000,14.000,27.800,4.260,15.500,4.000,1.070,3.700,0.690,3.800,0.770,1.950,0.280,1.690,0.240,1.060,0.340,1.000,4.100,4.100,0.814,1.306
Ore,MA-201431,Hettenleidelheim,9.600,11.200,2320.000,3.200,32.000,18.300,32.000,56.000,21.500,107.000,3.400,6.900,38.000,36.000,13.300,17.900,1.460,0.640,1.440,1.340,4.900,430.000,6.100,13.400,2.040,8.200,2.550,0.610,2.430,0.420,2.740,0.490,1.360,0.190,1.250,0.180,0.420,0.160,0.510,1.510,2.560,0.853,1.149
Ore,MA-201432,Hettenleidelheim,19.000,10.800,2260.000,6.300,50.000,29.500,13.900,32.000,15.200,79.000,5.600,12.800,58.000,34.000,12.900,86.000,2.700,0.930,1.380,1.700,5.600,360.000,7.900,27.600,2.340,9.200,2.740,0.650,2.350,0.450,2.680,0.480,1.400,0.190,1.320,0.200,2.840,0.210,0.820,3.200,1.820,1.455,1.204
Ore,MA-201433,Tiefenthal,5.000,7.200,3700.000,7.600,152.000,74.000,17.200,110.000,16.400,63.000,2.400,128.000,15.500,0.010,29.100,19.800,2.530,16.000,0.780,3.800,1.780,2200.000,7.900,49.000,2.320,8.700,2.540,0.680,3.200,0.670,3.800,0.860,2.480,0.380,2.150,0.370,0.460,0.220,0.740,2.670,2.990,2.595,1.099
Ore,MA-201434,Tiefenthal,28.000,14.100,3400.000,7.800,56.000,34.000,34.000,151.000,161.000,117.000,7.300,11.600,84.000,145.000,36.000,37.000,3.800,2.320,1.700,1.470,7.100,2250.000,25.800,51.000,7.700,31.000,7.700,1.940,8.300,1.270,7.000,1.340,3.600,0.480,2.920,0.440,1.010,0.300,0.970,5.400,2.760,0.820,1.132
Ore,MA-201535,Eisenberg,18.340,10.810,3213.520,6.070,128.500,23.530,20.020,46.040,21.880,138.090,5.590,46.300,54.650,179.570,36.240,16.940,2.340,20.200,1.300,1.870,5.160,1787.170,21.660,21.270,6.370,24.860,6.500,1.540,6.350,1.000,5.650,1.110,2.990,0.390,2.480,0.390,0.460,0.180,0.460,2.060,3.950,0.411,1.123
Ore,MA-201912,Hettenleidelheim,6.630,14.870,3605.120,6.530,85.890,99.350,8.570,55.290,53.200,79.200,4.450,2245.390,34.880,20.700,10.760,37.610,3.510,8.900,1.310,5.840,2.860,171.840,7.780,11.060,2.630,10.190,2.730,0.690,2.300,0.440,2.500,0.480,1.430,0.190,1.560,0.240,1.630,0.320,1.630,4.080,4.440,0.549,1.294
Ore,MA-201914,Stumpfwald,25.020,30.130,3869.760,10.030,63.100,47.940,45.890,83.820,51.330,56.760,8.200,9.170,84.050,34.480,13.940,61.610,5.690,0.750,6.690,7.270,11.180,1111.080,5.070,20.590,2.200,9.170,3.830,1.200,4.790,0.730,3.630,0.620,1.530,0.220,1.300,0.210,1.990,0.460,1.990,2.640,2.040,1.344,1.292
Iron-SI,MA-201419,Eisenberg,36.470,5.640,1390.510,19.740,1.710,3.930,0.860,9.270,1.650,4.120,1.060,1.240,94.680,825.820,100.210,166.260,4.200,0.490,0.150,0.140,6.050,2030.980,58.760,101.330,13.190,52.390,12.410,3.150,13.320,1.920,12.210,2.710,7.820,1.060,7.280,1.150,3.790,0.830,3.790,9.090,9.440,0.830,1.143
Iron-SI,MA-201419,Eisenberg,35.410,5.420,1224.280,18.760,1.040,2.880,0.930,8.940,2.510,1.170,0.420,3.770,83.630,808.420,104.670,170.470,4.100,0.010,0.270,0.100,5.790,1971.270,63.860,110.750,13.920,54.410,12.420,3.330,14.830,2.000,14.010,2.880,8.650,1.330,7.970,1.230,4.550,0.860,4.550,9.890,9.830,0.846,1.136
Iron-SI,MA-201419,Eisenberg,36.240,6.920,718.320,25.080,0.310,0.010,0.140,2.750,1.370,2.940,1.220,0.010,129.530,622.410,103.000,162.110,1.210,0.060,0.010,0.010,8.420,1992.950,64.680,112.000,13.990,53.670,10.960,3.050,16.330,2.280,13.250,2.950,8.300,1.220,8.570,1.440,5.120,0.720,5.120,10.550,9.380,0.848,1.030
Iron-SI,MA-201419,Eisenberg,38.300,6.040,2297.870,24.410,0.520,0.010,0.340,4.210,1.120,3.310,0.680,2.260,130.750,677.090,111.520,187.960,2.010,0.170,0.010,0.010,8.280,1980.580,66.660,114.070,14.160,60.640,11.810,3.600,15.370,2.250,14.880,2.750,9.090,1.280,7.630,1.360,5.340,0.770,5.340,10.380,10.500,0.845,1.227
Iron-SI,MA-201419,Eisenberg,36.040,5.810,1757.670,23.120,0.770,1.290,0.060,0.380,0.860,3.530,1.090,0.370,126.170,664.410,109.600,176.730,3.150,0.270,0.010,0.010,9.190,1963.990,64.580,113.260,14.370,57.930,13.130,3.310,15.420,2.170,13.200,2.900,8.280,1.200,7.710,1.270,4.550,0.920,4.550,9.770,10.190,0.847,1.078
Iron-SI,MA-201419,Eisenberg,36.460,5.760,403.520,21.770,2.560,2.780,0.070,2.180,0.470,2.410,0.850,0.010,127.940,645.790,105.260,181.640,4.460,0.240,0.010,0.060,9.710,1882.100,61.850,106.480,13.480,56.430,12.410,2.940,14.250,2.090,13.350,2.650,8.710,1.170,6.890,1.080,4.870,0.800,4.870,9.560,10.030,0.840,1.027
Iron-SI,MA-201419,Eisenberg,35.000,8.170,1681.090,21.460,1.500,3.150,0.790,5.970,1.530,16.160,1.120,0.010,123.050,650.340,103.550,178.410,3.870,0.350,0.180,0.090,8.520,1895.600,62.540,106.950,12.820,56.280,13.180,3.110,15.300,2.150,12.600,2.920,8.100,1.220,6.940,1.230,4.430,0.770,4.430,9.350,9.880,0.859,1.016
Iron-SI,MA-201419,Eisenberg,34.670,5.020,2659.090,24.280,2.110,3.220,1.850,17.560,4.200,13.970,0.900,1.060,126.610,617.680,104.530,173.140,4.410,0.490,0.010,0.290,10.060,1817.820,59.490,106.020,13.470,54.990,11.690,3.410,14.690,2.180,14.360,2.920,9.110,1.200,8.020,0.970,4.950,0.780,4.950,9.640,9.380,0.854,1.199
Iron-SI,MA-201419,Eisenberg,32.420,6.560,2900.250,24.190,1.590,2.890,1.000,13.030,0.930,2.690,1.520,3.150,111.770,608.590,110.890,177.730,5.450,0.630,0.180,0.010,9.900,1761.630,62.550,108.750,13.470,53.200,12.060,2.940,16.260,2.190,14.020,3.080,8.490,1.180,8.150,1.290,5.050,0.840,5.050,9.460,9.060,0.853,0.960
Iron-SI,MA-201419,Eisenberg,31.300,5.660,1641.370,17.790,38.730,39.420,0.190,1.940,0.680,2.280,1.800,0.010,77.130,751.990,92.070,155.830,10.190,0.670,0.270,0.010,4.120,1907.530,52.640,94.300,11.270,47.660,9.670,2.800,11.900,1.890,11.390,2.340,7.300,1.020,6.150,0.940,3.900,0.760,3.900,8.300,8.440,0.882,1.205
Iron-SI,MA-201419,Eisenberg,33.710,5.740,1424.960,19.160,42.640,38.810,0.560,6.920,0.600,1.140,1.530,0.580,73.900,749.440,90.120,153.590,10.500,0.460,0.010,0.010,3.880,1887.660,53.400,94.770,11.870,47.540,10.300,2.560,12.000,1.880,11.270,2.470,7.080,0.890,7.240,0.980,4.350,0.760,4.350,8.510,8.140,0.858,1.068
Iron-SI,MA-201419,Eisenberg,34.970,5.870,1723.640,21.720,7.920,8.270,1.260,10.990,5.250,14.730,1.070,1.290,110.870,694.190,103.450,170.780,4.660,0.320,0.110,0.060,7.590,1888.540,60.480,105.440,13.250,53.560,11.620,3.070,14.460,2.070,12.950,2.750,8.040,1.160,7.310,1.180,4.610,0.810,4.610,9.360,9.360,0.849,1.092
Iron-SI-P,MA-201421,Eisenberg,19.780,1.390,831.320,9.560,20.340,22.660,5.030,4.330,3.720,1.300,5.620,0.560,48.160,125.520,10.370,128.450,5.010,0.440,1.900,0.010,2.260,302.910,12.370,24.420,2.730,11.540,2.410,0.440,2.240,0.300,1.850,0.340,1.130,0.110,1.140,0.180,3.750,0.340,3.750,3.600,1.130,0.958,0.889
Iron-SI-P,MA-201421,Eisenberg,17.820,0.850,1526.510,8.260,21.430,24.610,12.700,17.050,7.840,5.940,5.560,4.710,43.090,126.610,9.910,120.490,4.910,0.220,1.950,0.040,2.040,293.110,12.580,24.950,2.990,9.440,2.410,0.570,2.020,0.330,1.360,0.360,0.810,0.120,1.030,0.170,3.550,0.260,3.550,3.360,1.250,0.928,1.214
Iron-SI-P,MA-201421,Eisenberg,27.350,1.280,1130.440,12.470,26.090,25.680,2.520,3.470,3.410,3.120,4.900,6.280,93.980,176.440,14.130,176.630,6.780,0.030,4.010,0.190,4.620,442.390,17.190,35.490,4.290,14.290,3.060,0.580,3.090,0.450,2.630,0.460,1.590,0.300,1.230,0.190,4.740,0.500,4.740,5.270,2.010,0.942,0.883
Iron-SI-P,MA-201421,Eisenberg,37.120,0.940,2430.690,15.150,32.670,32.850,22.890,40.680,15.580,3.350,2.090,35.270,82.780,222.250,13.740,169.060,6.630,0.090,3.410,0.790,4.090,481.950,19.010,37.820,4.730,16.150,3.250,0.580,2.840,0.470,2.420,0.520,2.290,0.180,1.810,0.300,4.100,0.540,4.100,6.100,2.080,0.909,0.897
Iron-SI-P,MA-201421,Eisenberg,41.070,1.030,2217.360,15.590,35.250,29.570,1.260,0.800,1.280,1.390,1.340,1.680,90.320,227.980,17.230,212.540,8.640,0.050,1.150,0.010,4.030,529.300,22.270,45.560,5.070,19.030,3.970,0.920,3.730,0.490,3.160,0.620,1.930,0.310,1.820,0.270,5.120,0.590,5.120,6.290,2.620,0.978,1.122
Iron-SI-P,MA-201421,Eisenberg,23.480,1.150,1078.840,10.450,22.610,25.270,68.400,122.020,44.970,6.890,5.670,59.790,59.180,138.870,8.230,105.260,5.340,0.210,5.030,3.440,2.650,330.200,11.900,26.120,2.280,10.190,2.190,0.410,3.160,0.140,1.290,0.290,1.120,0.200,0.850,0.180,2.870,0.280,2.870,3.360,1.800,1.137,0.707
Iron-SI-P,MA-201421,Eisenberg,29.520,1.290,1399.810,12.370,30.120,31.340,19.050,32.400,18.270,4.810,4.750,37.590,69.650,204.470,15.110,173.990,7.460,0.100,4.090,1.160,3.240,459.330,17.940,37.110,4.180,16.990,3.350,0.640,2.750,0.510,2.570,0.470,1.270,0.260,1.380,0.210,4.680,0.430,4.680,5.590,2.280,0.977,0.991
Iron-SI-P,MA-201421,Eisenberg,34.780,3.390,0.010,20.390,9.520,16.740,138.590,189.790,43.020,27.730,3.740,93.620,82.730,136.370,14.950,230.690,7.930,4.210,1.360,2.320,4.920,411.790,17.580,31.310,4.110,23.100,4.410,1.200,1.290,0.380,2.450,0.750,1.830,0.420,2.600,0.250,4.300,0.580,4.300,6.610,2.100,0.840,2.067
Iron-SI-P,MA-201421,Eisenberg,38.260,1.410,1950.480,16.320,13.080,5.050,2.900,6.040,1.280,0.980,0.390,0.580,103.110,226.450,19.650,256.510,8.930,0.040,0.210,0.100,5.150,578.490,24.250,46.820,5.310,22.380,5.190,1.000,2.830,0.530,2.860,0.720,2.030,0.300,2.580,0.280,6.920,0.750,6.920,6.890,2.700,0.940,1.197
Iron-SI-P,MA-201421,Eisenberg,45.610,0.610,154.690,21.710,18.090,13.990,39.540,58.070,16.520,7.720,1.940,18.730,74.880,207.400,17.550,228.120,14.390,0.930,1.480,0.170,5.650,773.160,29.660,38.230,5.490,35.270,9.710,1.070,3.570,0.590,4.350,0.750,5.220,0.520,4.680,0.360,4.380,1.020,4.380,5.830,2.370,0.678,0.785
Iron-SI-P,MA-201421,Eisenberg,26.440,1.700,117.290,12.400,12.480,2.800,92.050,144.920,35.800,0.500,2.010,51.140,69.590,185.360,16.060,204.190,8.930,1.480,1.320,1.460,3.260,418.160,18.610,38.740,4.670,19.610,4.170,0.530,3.050,0.440,3.020,0.650,1.980,0.140,1.680,0.250,5.010,0.640,5.010,6.260,2.250,0.947,0.697
Iron-SI-P,MA-201421,Eisenberg,31.020,1.370,1167.040,14.060,21.970,20.960,36.810,56.320,17.430,5.790,3.460,28.180,74.320,179.790,14.270,182.360,7.720,0.710,2.360,0.880,3.810,456.440,18.490,35.140,4.170,18.000,4.010,0.720,2.780,0.420,2.540,0.540,1.930,0.260,1.890,0.240,4.490,0.540,4.490,5.380,2.050,0.912,1.008
Iron-SI,MA-201422,Eisenberg,41.470,5.230,766.830,7.150,63.770,48.800,4.830,10.640,20.410,3.700,21.110,1.380,170.190,172.830,29.360,172.590,14.800,0.010,1.810,0.180,15.340,555.690,30.480,72.600,8.520,37.570,9.420,0.870,6.120,0.920,4.930,0.790,3.100,0.370,1.990,0.240,4.690,0.830,4.690,9.350,5.200,1.024,0.534
Iron-SI,MA-201422,Eisenberg,25.590,7.640,723.420,11.850,209.650,207.480,1.420,1.540,3.400,3.900,10.560,0.190,43.290,103.300,42.320,225.950,10.430,1.100,1.330,0.060,2.540,479.180,26.670,51.780,6.580,27.690,6.580,1.430,5.910,0.810,5.820,1.170,4.050,0.470,3.310,0.520,5.320,0.660,5.320,6.110,9.830,0.891,1.077
Iron-SI,MA-201422,Eisenberg,24.990,6.870,1449.610,9.950,229.290,231.200,8.130,39.890,6.080,8.440,14.000,2.380,31.810,72.890,34.080,163.910,7.770,2.180,0.500,0.230,1.660,390.550,19.830,40.690,4.970,22.350,4.720,1.130,5.080,0.770,5.650,0.920,3.390,0.410,2.890,0.310,3.770,0.400,3.770,4.160,8.040,0.934,1.076
Iron-SI,MA-201422,Eisenberg,23.460,9.350,593.300,11.450,190.330,206.180,7.750,59.380,8.710,7.520,16.050,9.970,44.120,110.980,48.820,268.670,11.890,1.710,1.730,1.060,1.920,550.710,30.710,58.790,7.590,32.140,7.440,1.620,6.730,1.040,7.630,1.570,4.090,0.540,3.580,0.490,6.740,0.720,6.740,6.910,12.070,0.878,1.075
Iron-SI,MA-201422,Eisenberg,23.270,5.670,1424.200,9.640,217.840,275.420,17.060,132.010,14.610,5.470,11.160,19.450,26.660,75.740,33.160,177.570,7.530,0.610,1.410,1.940,1.420,393.710,20.100,40.320,5.680,24.720,4.650,1.050,4.430,0.840,5.110,1.050,2.610,0.280,2.690,0.300,4.570,0.470,4.570,4.250,8.380,0.857,1.085
Iron-SI,MA-201422,Eisenberg,27.760,6.950,991.470,10.010,182.180,193.820,7.840,48.690,10.640,5.800,14.580,6.670,63.210,107.150,37.550,201.740,10.490,1.120,1.360,0.700,4.580,473.970,25.560,52.840,6.670,28.900,6.560,1.220,5.650,0.880,5.830,1.100,3.450,0.410,2.890,0.370,5.020,0.620,5.020,6.160,8.700,0.922,0.942
Iron-SI,MA-201423,Eisenberg,20.780,3.420,680.290,8.550,61.270,42.230,5.020,1.330,4.080,3.110,10.880,0.290,26.930,49.490,62.770,130.170,5.740,0.760,3.140,0.030,3.290,232.900,35.680,77.770,8.070,35.370,7.840,1.570,9.200,1.270,8.720,1.740,5.030,0.670,4.210,0.660,3.440,0.530,3.440,4.820,1.180,1.045,0.857
Iron-SI,MA-201423,Eisenberg,20.320,5.220,2973.770,8.660,66.170,46.060,5.350,0.010,5.240,1.650,10.530,0.070,27.370,51.940,61.150,130.130,6.130,0.980,2.350,0.060,3.310,234.180,35.100,76.610,7.880,31.870,8.000,1.380,9.360,1.360,8.880,1.650,5.210,0.760,3.750,0.690,3.150,0.500,3.150,4.530,1.230,1.050,0.740
Iron-SI,MA-201423,Eisenberg,21.680,3.460,2404.040,10.280,81.440,59.980,6.480,2.060,6.050,1.670,8.850,5.670,27.770,50.480,65.280,133.130,5.920,0.750,3.360,0.200,3.560,227.230,34.560,77.210,8.120,34.390,7.300,1.390,8.170,1.340,8.860,1.820,5.550,0.690,4.320,0.630,3.070,0.390,3.070,4.390,1.200,1.051,0.837
Iron-SI,MA-201423,Eisenberg,21.700,4.200,1158.740,8.190,67.240,43.880,3.830,1.060,4.070,4.010,11.670,1.280,32.440,68.100,71.370,156.050,7.190,0.810,3.210,0.010,3.870,305.500,42.860,94.180,10.070,40.710,8.720,1.780,10.150,1.580,9.960,1.990,5.600,0.790,5.020,0.630,3.650,0.530,3.650,5.700,1.560,1.034,0.878
Iron-SI,MA-201423,Eisenberg,23.700,3.650,934.290,9.290,47.020,28.090,3.720,0.010,4.130,2.470,9.620,0.240,30.200,59.120,71.830,146.010,7.040,0.220,3.360,0.020,3.820,270.520,41.510,90.210,9.480,38.580,9.340,1.790,9.530,1.610,9.380,2.050,5.550,0.720,4.530,0.730,3.740,0.530,3.740,5.830,1.520,1.037,0.888
Iron-SI,MA-201423,Eisenberg,21.560,4.690,1162.410,7.100,45.840,28.430,4.120,0.010,5.130,5.290,10.280,2.200,35.240,66.550,70.960,149.190,7.110,0.580,3.600,0.140,4.700,290.790,44.530,95.810,10.280,40.450,9.750,1.910,10.270,1.570,9.180,2.040,5.950,0.720,4.040,0.650,3.870,0.500,3.870,6.000,1.390,1.021,0.891
Iron-SI,MA-201423,Eisenberg,21.540,4.220,1028.100,5.820,26.130,21.290,6.550,0.350,3.610,4.160,12.620,0.330,27.700,59.650,61.350,117.500,5.950,1.370,2.890,0.010,3.670,266.780,39.250,84.050,8.400,36.560,8.640,1.550,9.640,1.290,7.570,1.630,4.760,0.530,3.900,0.450,3.360,0.470,3.360,5.250,1.350,1.054,0.790
Iron-SI,MA-201423,Eisenberg,22.020,4.100,811.910,10.130,48.750,25.290,3.710,0.610,3.440,8.890,9.930,3.580,28.070,64.730,73.700,152.530,6.900,0.580,2.730,0.010,3.400,292.760,44.250,94.170,9.860,36.540,7.880,1.830,9.430,1.350,9.200,2.000,5.470,0.800,5.180,0.720,4.100,0.480,4.100,5.690,1.430,1.028,0.983
Iron-SI,MA-201423,Eisenberg,20.280,3.400,323.350,7.400,45.020,26.650,5.920,1.180,3.380,2.320,10.380,4.100,33.170,60.530,54.900,112.560,5.390,1.130,4.610,0.170,3.650,256.700,33.340,74.130,7.660,29.600,6.840,1.570,8.400,1.110,7.010,1.420,4.500,0.680,3.630,0.500,3.050,0.440,3.050,4.340,1.030,1.058,0.956
Iron-SI,MA-201423,Eisenberg,20.100,3.600,744.900,8.810,76.080,51.310,5.120,0.150,4.480,2.810,8.810,0.250,27.420,56.470,67.240,136.390,6.000,0.550,4.490,0.160,3.560,255.740,38.870,85.870,9.070,36.620,7.880,1.660,8.990,1.420,9.650,1.730,5.030,0.780,4.680,0.690,3.630,0.520,3.630,5.140,1.400,1.043,0.916
Iron-SI,MA-201423,Eisenberg,21.390,3.800,1476.240,8.370,58.090,39.100,23.770,29.150,6.850,3.170,10.440,36.320,29.450,58.210,65.700,135.980,6.380,1.040,3.430,0.390,3.710,260.810,39.140,84.820,8.850,36.330,8.140,1.660,9.220,1.380,8.810,1.790,5.290,0.700,4.290,0.630,3.510,0.480,3.510,5.140,1.330,1.039,0.891
Iron-SI-P,MA-201425,Eisenberg,29.760,5.510,996.600,8.840,123.560,366.990,1.460,7.250,12.690,54.030,17.260,1.420,32.460,118.870,31.820,72.720,4.350,0.250,0.160,0.260,2.700,369.700,20.330,36.780,4.840,19.260,4.720,0.960,4.060,0.550,4.700,0.830,2.900,0.300,2.980,0.390,2.080,0.230,2.080,3.590,6.020,0.846,1.030
Iron-SI-P,MA-201425,Eisenberg,27.210,1.820,1224.660,6.620,153.260,497.010,2.250,21.080,13.690,93.050,23.590,7.250,4.420,96.480,27.400,75.990,4.180,0.750,0.620,0.580,0.990,251.650,16.210,31.570,4.570,16.820,3.570,1.040,4.060,0.420,3.460,0.580,2.370,0.280,2.140,0.280,1.660,0.260,1.660,2.680,5.100,0.833,1.270
Iron-SI-P,MA-201425,Eisenberg,20.000,1.730,1200.080,8.820,88.350,239.960,3.660,36.890,12.410,29.500,15.260,7.940,39.830,242.550,18.020,149.010,5.120,0.680,0.390,0.320,1.730,306.960,16.820,34.430,4.010,16.600,3.150,0.770,3.330,0.530,2.700,0.650,1.580,0.330,1.570,0.230,4.120,0.490,4.120,4.950,2.610,0.956,1.110
Iron-SI-P,MA-201425,Eisenberg,25.660,3.020,1140.440,8.090,121.720,367.990,2.460,21.740,12.930,58.860,18.700,5.540,25.570,152.640,25.750,99.240,4.550,0.560,0.390,0.390,1.800,309.430,17.790,34.260,4.470,17.560,3.810,0.920,3.820,0.500,3.620,0.690,2.280,0.300,2.230,0.300,2.620,0.320,2.620,3.740,4.580,0.876,1.129
Iron-SI-P,MA-201426,Eisenberg,15.460,4.430,1784.490,7.600,28.200,17.910,38.190,23.450,5.000,4.960,10.340,2.380,33.670,111.700,46.090,121.560,4.550,0.280,0.560,0.040,2.080,603.450,26.810,58.180,5.760,25.780,5.030,1.220,6.000,0.960,5.950,1.220,3.680,0.510,2.930,0.570,3.370,0.340,3.370,3.960,1.110,1.066,1.028
Iron-SI-P,MA-201426,Eisenberg,13.700,6.510,888.840,6.870,18.560,10.630,137.990,67.960,15.860,3.240,11.190,2.530,42.630,125.840,51.670,139.760,6.170,0.600,0.730,0.010,2.480,667.440,34.720,76.010,7.480,30.950,6.260,1.450,7.470,1.140,7.730,1.430,4.590,0.450,3.170,0.430,3.590,0.430,3.590,4.410,1.400,1.074,0.982
Iron-SI-P,MA-201426,Eisenberg,15.040,3.930,1447.000,8.200,33.150,17.480,66.860,84.300,3.430,4.290,10.720,13.390,32.700,108.270,50.870,155.210,6.060,0.200,1.110,0.060,1.910,572.540,30.700,64.550,6.530,27.010,6.000,1.470,6.840,0.970,6.640,1.440,4.050,0.520,3.630,0.470,3.770,0.440,3.770,4.120,1.170,1.038,1.066
Iron-SI-P,MA-201426,Eisenberg,8.670,1.990,405.480,5.620,130.350,133.410,73.450,49.090,4.320,3.580,7.160,10.190,7.080,45.920,13.710,62.850,1.680,0.490,0.240,0.010,0.550,179.840,7.770,18.200,1.840,7.190,1.600,0.340,1.880,0.250,1.600,0.420,1.020,0.240,1.050,0.190,1.900,0.140,1.900,1.060,0.460,1.098,0.909
Iron-SI-P,MA-201426,Eisenberg,15.810,4.660,1514.550,7.440,20.560,19.330,28.040,13.390,1.780,0.480,8.440,3.160,34.970,109.130,45.510,113.880,4.870,0.410,0.550,0.070,2.460,542.250,26.880,58.300,5.280,22.120,5.490,1.220,5.640,1.030,5.820,1.260,3.660,0.410,3.410,0.470,3.480,0.320,3.480,3.560,1.100,1.111,1.025
Iron-SI-P,MA-201426,Eisenberg,13.210,5.620,1320.750,6.340,43.260,33.820,147.070,249.880,29.510,1.920,14.180,1.010,33.730,90.540,50.420,137.040,5.650,2.060,0.590,0.070,2.170,582.490,29.520,63.920,6.210,27.610,6.700,1.210,6.860,1.000,7.200,1.430,3.420,0.410,4.050,0.490,3.070,0.430,3.070,3.620,1.170,1.075,0.835
Iron-SI-P,MA-201426,Eisenberg,12.400,3.750,1264.600,6.670,45.640,30.050,165.820,323.930,19.880,1.390,10.880,2.410,30.060,79.440,40.770,113.100,4.400,0.890,0.820,0.080,1.900,499.480,24.770,52.190,4.810,20.480,4.370,1.160,5.350,0.840,5.190,1.170,3.190,0.390,2.930,0.400,3.000,0.340,3.000,3.290,1.220,1.085,1.108
Iron-SI-P,MA-201426,Eisenberg,13.960,4.700,1218.080,7.360,39.430,30.840,79.820,98.260,10.520,14.620,10.730,6.190,33.440,105.700,45.350,126.640,4.990,0.570,0.750,0.090,2.040,583.690,27.360,59.290,5.720,24.230,5.190,1.190,6.100,0.920,5.850,1.230,3.660,0.470,3.290,0.490,3.350,0.380,3.350,3.570,1.130,1.079,0.980
Iron-SI-P,MA-201427,Eisenberg,18.030,5.420,1538.760,14.980,122.890,134.610,8.890,20.710,5.910,16.400,11.760,0.550,37.180,91.780,28.400,225.870,9.630,1.000,0.850,0.470,1.820,361.010,22.690,41.700,5.130,21.290,5.740,0.880,5.380,0.610,5.860,0.990,2.620,0.480,3.020,0.450,5.410,0.590,5.410,5.190,4.400,0.881,0.743
Iron-SI-P,MA-201427,Eisenberg,30.090,12.090,826.110,14.790,289.490,310.100,9.330,69.610,9.340,5.220,11.800,6.450,49.670,129.300,57.600,277.370,12.280,0.730,0.880,0.500,2.260,637.110,34.690,72.410,8.830,37.060,8.000,1.940,8.470,1.330,7.940,1.510,4.380,0.570,4.750,0.700,8.300,0.880,8.300,7.150,13.070,0.943,1.100
Iron-SI-P,MA-201427,Eisenberg,14.320,4.780,940.070,7.520,43.340,45.380,4.390,1.030,1.230,8.240,8.670,0.010,39.230,85.380,35.710,215.540,8.170,0.710,0.390,0.080,1.740,410.570,23.620,45.440,6.240,26.150,6.240,1.100,5.250,1.030,5.970,1.080,3.330,0.450,2.790,0.440,4.990,0.440,4.990,5.220,4.870,0.852,0.903
Iron-SI-P,MA-201427,Eisenberg,15.960,4.300,2788.960,12.040,177.090,215.910,4.500,5.720,6.130,14.030,20.180,1.050,24.750,65.730,28.700,151.460,6.990,2.570,0.870,0.340,0.860,293.760,18.070,38.270,4.560,18.910,4.870,0.950,5.730,0.850,4.500,0.850,2.600,0.340,2.430,0.380,4.280,0.400,4.280,5.200,5.630,0.961,0.834
Iron-SI-P,MA-201427,Eisenberg,20.190,0.690,1096.160,7.400,122.490,176.480,1.980,10.440,4.850,24.940,29.570,2.900,18.330,146.880,19.490,172.900,7.970,1.850,0.250,0.080,0.610,264.830,20.800,41.970,5.070,15.850,2.630,1.020,3.310,0.600,3.590,0.640,1.780,0.260,1.640,0.180,3.920,0.510,3.920,6.230,3.190,0.932,1.593
Iron-SI-P,MA-201427,Eisenberg,16.320,6.080,1091.460,8.870,99.900,134.550,6.550,13.930,7.940,17.310,22.040,3.420,33.490,108.210,34.000,146.220,6.930,2.050,0.450,0.180,1.040,420.330,27.810,54.610,6.560,28.230,6.530,1.600,5.750,1.050,5.730,0.880,3.490,0.410,2.630,0.390,3.600,0.530,3.600,6.860,6.860,0.922,1.227
Iron-SI-P,MA-201427,Eisenberg,19.350,2.090,1509.240,11.230,141.000,163.880,3.410,6.610,10.420,42.640,12.860,4.010,13.920,46.630,19.650,95.510,4.140,2.180,0.180,0.210,0.530,171.310,11.840,24.370,2.770,11.020,2.620,0.490,3.630,0.390,2.120,0.630,2.000,0.390,2.080,0.350,3.130,0.270,3.130,3.270,3.700,0.970,0.724
Iron-SI-P,MA-201427,Eisenberg,22.090,1.750,1350.020,10.470,165.370,189.560,8.250,25.080,8.120,31.500,14.780,5.700,9.780,21.890,13.340,91.850,3.510,2.520,0.100,0.990,0.130,97.150,6.770,11.110,1.600,7.950,1.160,0.320,1.450,0.430,2.820,0.450,1.630,0.130,1.790,0.260,2.330,0.200,2.330,2.440,2.800,0.770,1.138
Iron-SI-P,MA-201427,Eisenberg,23.280,4.460,2430.280,11.310,104.490,109.820,18.080,45.850,15.260,27.270,20.240,9.230,0.420,60.140,27.360,100.760,3.590,4.530,0.190,0.180,0.290,167.870,17.790,41.550,4.850,20.700,4.390,1.130,6.140,0.470,4.430,0.400,2.110,0.200,1.900,0.420,3.180,0.400,3.180,4.930,5.800,1.018,0.991
Iron-SI-P,MA-201427,Eisenberg,23.680,0.010,2511.600,7.420,131.450,153.740,16.320,14.370,14.470,68.670,20.220,6.910,14.980,73.880,26.700,115.500,3.980,3.250,0.110,2.630,0.180,145.620,12.390,27.800,4.080,14.930,4.250,0.830,5.740,0.880,5.320,0.890,1.600,0.190,3.070,0.200,2.950,0.350,2.950,4.330,3.680,0.880,0.768
Iron-SI-P,MA-201427,Eisenberg,17.750,7.790,1022.160,9.610,160.960,228.620,4.380,0.510,5.770,6.090,6.190,0.440,36.930,80.000,50.860,207.530,7.880,0.330,0.340,0.010,1.950,485.990,32.070,58.410,8.230,34.320,8.330,1.610,7.800,1.210,6.890,1.460,4.430,0.560,3.680,0.520,5.500,0.590,5.500,5.700,6.870,0.819,0.937
Iron-SI-P,MA-201427,Eisenberg,15.050,5.610,1379.260,11.370,168.050,214.480,1.230,1.780,5.540,7.910,24.320,0.160,30.430,78.680,29.980,171.640,8.500,2.510,0.750,0.010,1.050,343.520,20.960,43.750,5.490,22.040,5.590,1.100,6.040,0.730,4.900,1.030,3.040,0.370,2.300,0.360,4.090,0.430,4.090,6.100,6.480,0.929,0.883
Iron-SI-P,MA-201427,Eisenberg,20.380,4.710,1083.880,10.330,71.840,60.470,1.610,3.190,5.050,5.850,25.630,1.010,33.940,93.440,38.130,211.940,10.020,2.480,0.430,0.150,1.300,400.000,25.210,53.290,6.490,28.340,5.930,1.600,6.090,1.150,6.180,1.280,3.510,0.560,3.400,0.510,5.360,0.560,5.360,7.390,7.900,0.949,1.245
Iron-SI-P,MA-201427,Eisenberg,18.680,8.010,1407.020,9.570,170.070,240.140,14.890,21.050,5.710,11.470,6.220,0.910,35.430,82.500,52.130,210.180,8.760,0.270,0.420,0.010,1.710,451.180,31.880,57.920,8.400,34.390,7.760,1.830,8.530,1.220,7.640,1.450,3.920,0.560,3.660,0.570,5.660,0.530,5.660,5.560,6.480,0.806,1.048
Iron-SI-P,MA-201427,Eisenberg,18.530,5.110,1003.290,11.400,118.190,112.580,17.120,31.050,4.270,4.220,11.690,0.010,40.180,93.590,31.740,238.850,9.410,1.030,0.890,0.030,1.710,339.680,23.220,43.750,5.380,22.950,4.960,1.100,5.140,0.780,4.680,1.040,2.970,0.400,2.690,0.410,6.640,0.510,6.640,5.960,5.250,0.893,1.018
Iron-SI-P,MA-201427,Eisenberg,19.270,4.220,1556.110,10.090,135.910,166.690,8.190,14.970,7.790,21.830,17.830,2.980,24.380,79.300,31.010,159.530,6.810,2.130,0.420,0.400,0.950,298.440,20.730,41.400,5.290,21.640,4.920,1.130,5.440,0.810,4.900,0.920,2.760,0.370,2.610,0.380,4.220,0.440,4.220,5.330,5.390,0.901,1.017
Bloom,MA-200988-1A,Eisenberg,28.500,19.000,350.500,9.100,49.500,29.600,1.400,0.200,2.700,14.500,8.000,0.300,123.400,348.200,63.200,113.000,9.200,1.500,1.200,,9.800,5113.000,29.300,54.800,7.200,33.400,8.600,2.300,12.900,2.100,12.400,2.500,6.300,0.800,4.800,0.600,3.000,0.700,1.000,8.500,14.400,0.860,0.985
Bloom,MA-200988-1A,Eisenberg,18.000,6.400,470.300,13.000,52.400,50.900,2.300,0.200,1.300,17.000,6.300,0.300,52.100,133.200,41.400,51.800,3.700,2.000,0.500,,4.000,1793.000,10.500,22.000,2.900,13.000,3.500,0.900,5.900,1.000,6.900,1.500,4.600,0.700,4.700,0.800,1.600,0.300,0.500,3.400,6.600,0.906,0.878
Bloom,MA-200988-1A,Eisenberg,31.600,24.200,452.900,7.200,32.700,13.400,0.600,0.200,3.600,16.500,8.300,0.200,146.900,449.200,82.600,142.700,11.500,1.300,1.500,,11.900,6654.700,40.200,72.800,9.800,46.000,12.400,3.300,18.200,2.800,16.900,3.300,8.300,1.000,5.900,0.800,4.200,0.900,1.300,12.100,18.000,0.836,0.994
Bloom,MA-200988-1A,Eisenberg,20.900,8.300,568.100,11.500,48.000,30.700,1.300,0.200,1.700,17.600,5.700,0.300,65.400,175.200,43.300,56.700,4.000,1.800,0.600,,5.100,2629.900,14.300,25.300,3.400,15.800,4.400,1.200,6.900,1.100,7.700,1.700,4.900,0.800,4.700,0.800,1.700,0.300,0.500,4.300,6.300,0.827,0.976
Bloom,MA-200988-1A,Eisenberg,16.100,3.000,575.200,12.200,74.200,53.500,2.000,0.010,0.800,19.000,7.700,0.200,21.800,53.000,26.000,29.800,1.800,1.900,0.200,,2.100,822.400,5.400,9.900,1.300,6.400,1.900,0.500,3.000,0.500,4.100,1.000,3.200,0.500,3.900,0.600,1.000,0.200,0.200,1.700,2.700,0.852,0.938
Bloom,MA-200988-1A,Eisenberg,20.900,10.400,492.800,11.700,44.100,18.600,0.800,0.100,1.900,16.700,7.200,0.010,84.800,216.500,57.800,79.400,5.500,1.800,0.800,,5.900,2831.200,19.000,36.000,5.000,21.300,5.500,1.500,9.300,1.600,10.300,2.100,6.000,0.800,5.500,0.900,2.300,0.500,0.700,5.800,9.300,0.841,0.929
Bloom,MA-200988-1A,Eisenberg,16.900,7.300,404.000,8.000,38.200,21.700,1.100,0.100,1.300,16.700,6.400,0.100,63.600,156.100,38.100,54.400,4.200,1.200,0.600,,5.400,2505.900,14.600,28.500,3.600,16.200,4.400,1.200,6.700,1.100,7.000,1.500,4.100,0.600,4.000,0.600,1.800,0.400,0.600,4.400,7.400,0.896,0.995
Bloom,MA-200988-1A,Eisenberg,16.400,7.600,405.300,8.600,36.900,20.300,1.100,0.200,1.200,14.800,5.400,0.200,63.500,165.100,38.400,53.500,4.200,1.400,0.700,,5.200,2575.300,14.100,28.500,3.600,15.800,4.600,1.200,6.700,1.100,6.900,1.500,4.200,0.600,4.000,0.600,1.600,0.400,0.500,4.300,8.000,0.912,0.979
Bloom,MA-200988-1A,Eisenberg,20.600,13.400,475.200,9.500,32.800,24.700,34.900,9.300,4.000,16.200,6.000,0.200,104.400,281.400,57.200,86.000,6.900,1.600,1.100,,9.400,4105.200,25.300,48.000,6.100,28.400,7.900,2.000,11.100,1.800,10.900,2.300,6.200,0.800,5.500,0.800,2.600,0.600,1.000,7.700,12.400,0.881,0.972
Bloom,MA-200988-1A,Eisenberg,30.800,15.400,368.400,7.600,56.900,43.700,5.500,1.200,2.900,19.000,7.000,0.010,158.000,359.800,58.300,97.900,8.200,1.500,1.300,,12.700,5550.300,30.100,59.100,7.300,31.800,8.600,2.400,12.800,1.900,11.300,2.200,5.900,0.800,4.700,0.600,3.000,0.700,1.100,9.000,15.700,0.909,1.033
Bloom,MA-200988-1A,Eisenberg,20.000,9.600,385.500,10.100,47.200,31.600,1.900,0.300,1.800,18.000,5.600,0.300,78.300,213.200,43.000,65.200,5.300,1.600,0.800,,6.200,3160.900,17.800,37.900,4.600,19.400,5.500,1.500,8.200,1.300,8.100,1.600,4.800,0.700,4.600,0.700,2.100,0.400,0.700,5.300,10.700,0.954,1.009
Bloom,MA-200988-1B,Eisenberg,30.300,12.400,170.900,8.500,31.400,13.100,0.600,0.200,3.000,12.700,7.000,0.010,115.200,249.800,43.300,68.500,6.900,1.200,0.900,,8.900,4009.200,19.900,45.900,5.200,21.900,5.900,1.700,8.000,1.300,7.300,1.500,4.000,0.500,3.400,0.500,1.700,0.400,1.000,4.800,11.200,1.028,1.131
Bloom,MA-200988-1B,Eisenberg,25.300,13.100,207.200,7.600,14.500,1.800,0.800,0.300,3.100,13.700,8.200,0.300,115.300,256.600,45.600,63.300,6.800,1.200,1.200,,8.500,4242.600,20.400,47.600,5.300,22.100,5.900,1.700,8.500,1.300,8.000,1.600,4.500,0.600,3.800,0.500,1.600,0.400,1.100,5.000,12.300,1.043,1.089
Bloom,MA-200988-1B,Eisenberg,24.700,13.800,226.200,8.500,19.100,3.700,2.700,0.200,3.400,16.700,7.200,0.300,95.600,255.500,48.500,76.100,7.600,1.500,1.300,,8.200,4209.700,22.600,53.300,5.900,25.400,6.700,1.900,9.800,1.500,8.800,1.800,4.700,0.600,4.100,0.500,1.900,0.500,1.200,5.700,13.800,1.051,1.062
Bloom,MA-200988-1B,Eisenberg,23.000,9.800,212.400,8.800,29.400,8.800,0.700,0.200,1.200,14.900,7.300,0.300,81.400,201.300,42.600,61.500,5.500,1.300,0.700,,6.700,3177.400,17.300,37.800,4.300,18.700,5.200,1.500,7.800,1.200,7.600,1.500,4.500,0.600,4.000,0.600,1.600,0.400,0.800,4.600,9.500,0.999,1.063
Bloom,MA-200988-1B,Eisenberg,27.200,13.300,242.800,7.600,19.200,4.800,1.200,0.200,1.400,14.900,7.500,0.300,111.100,276.500,44.400,69.600,7.100,1.000,1.000,,8.700,4623.000,22.500,51.600,5.800,24.200,6.600,2.100,9.200,1.400,8.600,1.700,4.500,0.600,3.800,0.500,1.900,0.500,1.100,5.700,13.300,1.029,1.228
Bloom,MA-200988-1B,Eisenberg,19.600,10.500,291.100,8.800,33.600,10.300,7.000,0.500,6.500,16.800,7.500,0.500,77.600,208.600,42.200,64.700,5.700,1.300,0.900,,6.800,3253.400,18.000,41.900,4.800,20.200,5.500,1.700,8.000,1.300,7.900,1.500,4.500,0.600,3.900,0.600,1.800,0.400,0.900,5.000,11.000,1.026,1.161
Bloom,MA-200988-1B,Eisenberg,29.800,10.700,223.400,7.900,39.100,11.000,0.500,0.010,2.100,18.200,8.800,0.400,88.000,215.400,40.200,64.400,5.900,1.200,0.800,,7.000,3439.800,17.800,37.800,4.400,19.300,5.400,1.400,7.600,1.200,7.300,1.500,4.200,0.600,3.700,0.500,1.700,0.400,0.800,4.600,9.100,0.974,0.994
Bloom,MA-200988-1B,Eisenberg,26.500,11.500,236.000,8.400,39.200,12.700,0.600,0.100,2.500,17.500,8.400,0.300,92.100,220.000,41.400,65.400,6.000,1.300,0.800,,7.100,3570.700,18.000,39.100,4.500,19.200,5.300,1.500,7.800,1.200,7.400,1.500,4.100,0.600,3.700,0.500,1.600,0.400,0.800,4.600,9.000,0.990,1.055
Bloom,MA-200988-1B,Eisenberg,29.300,12.600,232.300,8.900,35.000,12.000,0.600,0.200,2.100,14.500,7.000,0.400,90.100,245.400,44.000,71.200,6.300,1.200,1.000,,8.100,3857.600,18.500,41.100,4.800,20.600,5.700,1.600,8.000,1.300,7.500,1.600,4.400,0.600,4.000,0.600,1.900,0.400,0.900,4.500,9.800,0.994,1.078
Bloom,MA-200988-1B,Eisenberg,32.800,19.000,174.200,6.400,20.800,5.300,0.300,0.200,5.200,13.500,8.000,0.300,172.600,362.300,54.800,95.400,10.200,1.000,1.600,,12.700,5880.500,31.300,74.300,8.200,33.400,9.400,2.700,12.500,1.900,11.100,2.100,5.500,0.700,4.000,0.500,2.400,0.700,1.500,8.000,18.500,1.056,1.141
Bloom,MA-200988-1B,Eisenberg,27.500,9.700,219.800,8.900,44.800,14.800,0.700,0.010,2.400,18.300,8.100,0.300,75.500,182.000,34.100,55.300,5.300,1.500,0.900,,7.000,3031.200,14.400,35.800,4.000,16.100,4.400,1.200,6.300,1.100,6.200,1.300,3.700,0.500,3.300,0.500,1.500,0.400,0.800,3.900,10.100,1.072,1.035
Bloom,MA-200988-1B,Eisenberg,32.500,16.300,202.800,8.000,35.200,12.100,0.600,0.200,3.200,14.500,6.900,0.300,113.300,325.500,44.400,84.900,8.300,1.400,1.500,,10.300,5245.000,22.600,52.100,5.900,25.100,6.600,1.900,9.600,1.500,8.600,1.700,4.600,0.600,3.600,0.500,2.100,0.600,1.300,5.900,13.900,1.028,1.081
Bloom,MA-200988-1B,Eisenberg,38.400,15.900,171.300,6.000,20.200,10.200,2.400,0.500,3.500,15.900,7.400,0.400,142.300,330.300,47.300,79.600,8.100,1.200,1.400,,11.500,5116.500,25.600,57.400,6.500,26.900,7.100,2.000,10.100,1.500,8.800,1.700,4.500,0.600,3.500,0.500,2.000,0.500,1.100,6.400,13.700,1.014,1.073
Bloom,MA-200988-1B,Eisenberg,21.900,10.800,190.900,8.200,33.200,13.600,1.600,0.010,2.700,16.400,6.800,0.200,103.800,239.500,38.900,64.600,5.700,1.300,0.900,,7.900,3440.000,18.200,39.400,4.500,18.700,5.000,1.400,7.200,1.100,6.700,1.400,3.800,0.500,3.300,0.500,1.700,0.400,0.800,4.300,9.300,0.993,1.059
Bloom,MA-200988-1B,Eisenberg,26.700,9.300,196.500,8.200,70.600,52.600,1.800,0.200,3.100,19.200,7.200,0.400,99.800,193.600,36.400,65.700,5.400,1.600,0.800,,7.900,2897.300,16.300,35.200,4.100,17.300,5.000,1.300,6.900,1.100,6.200,1.200,3.600,0.500,2.900,0.400,1.600,0.400,0.700,4.100,8.500,0.981,1.009
Bloom,MA-200988-2B,Eisenberg,34.500,15.800,797.500,10.200,197.000,74.900,928.000,328.700,117.500,149.100,11.600,50.900,61.800,48.900,48.500,133.600,9.200,7.000,1.300,,9.000,596.300,30.400,65.200,8.100,34.000,8.500,2.000,12.300,2.000,10.400,2.200,5.300,0.700,4.200,0.500,3.900,0.700,0.900,8.100,15.500,0.946,0.887
Bloom,MA-200988-2B,Eisenberg,26.400,13.500,211.800,7.200,65.900,30.600,6.000,2.800,2.400,16.500,7.300,0.010,118.000,309.300,47.500,90.900,7.300,1.600,1.100,,9.500,4431.900,24.000,50.900,6.200,26.500,6.900,1.900,10.600,1.600,9.600,1.900,4.900,0.600,4.100,0.500,2.800,0.600,1.000,7.300,14.400,0.951,0.999
Bloom,MA-200988-2B,Eisenberg,19.500,6.800,220.100,7.400,56.100,30.100,2.200,0.400,1.400,20.800,9.100,0.010,57.300,141.500,29.900,43.400,3.700,1.600,0.500,,4.800,2138.900,12.300,25.900,3.200,13.500,3.500,1.000,5.500,0.900,5.500,1.200,3.300,0.500,3.000,0.500,1.300,0.300,0.600,3.700,7.200,0.940,1.021
Bloom,MA-200988-2B,Eisenberg,26.000,10.800,269.300,9.000,38.900,12.500,0.600,0.010,3.200,15.100,7.500,0.010,119.000,233.700,52.600,76.500,6.000,1.500,0.800,,8.200,3865.400,24.100,50.700,6.100,25.900,6.800,1.900,10.200,1.700,9.900,2.000,5.500,0.700,4.800,0.700,2.300,0.500,1.000,6.800,12.800,0.953,1.029
Bloom,MA-200988-2B,Eisenberg,26.800,9.300,269.300,9.400,33.600,10.400,0.800,0.100,1.800,17.200,7.700,0.300,95.200,221.400,43.800,56.400,4.600,1.500,0.800,,7.200,3501.800,18.400,39.200,4.600,19.400,5.600,1.600,7.900,1.400,7.600,1.600,4.700,0.600,4.500,0.700,1.700,0.400,0.800,5.100,9.800,0.971,1.094
Bloom,MA-200988-2B,Eisenberg,24.400,9.800,277.700,9.400,39.300,13.800,0.800,0.200,2.100,17.300,9.000,0.200,79.400,190.800,43.000,59.200,5.100,1.700,0.800,,6.900,3180.000,16.600,34.900,4.100,19.100,5.200,1.500,7.600,1.300,7.900,1.700,4.800,0.700,4.400,0.700,1.700,0.400,0.800,4.700,9.200,0.964,1.080
Bloom,MA-200988-2B,Eisenberg,26.500,13.000,233.500,8.700,34.500,11.400,0.800,0.010,2.200,15.500,7.600,0.200,101.700,280.600,48.600,75.000,6.700,1.600,1.000,,8.700,4554.500,21.700,46.500,5.500,23.500,6.400,1.900,9.200,1.500,8.900,1.800,4.900,0.700,4.500,0.600,2.200,0.500,1.000,6.000,11.800,0.970,1.124
Bloom,MA-200988-2B,Eisenberg,21.500,8.300,242.400,9.500,42.300,15.800,0.500,0.200,1.700,16.900,8.000,0.300,79.500,179.000,46.600,63.700,4.900,1.700,0.700,,6.200,2972.400,17.600,37.400,4.500,18.600,5.500,1.500,8.000,1.300,7.900,1.700,4.800,0.700,4.500,0.600,1.800,0.400,0.800,4.800,9.000,0.958,1.025
Bloom,MA-200988-2B,Eisenberg,26.800,14.500,231.000,8.400,31.300,11.400,0.400,2.300,2.500,12.900,7.000,0.400,124.800,297.700,54.600,82.700,7.500,1.400,1.100,,10.200,5073.000,25.300,53.100,6.300,28.100,8.000,2.400,10.600,1.700,9.900,2.000,5.800,0.700,4.900,0.600,2.300,0.500,1.100,6.800,13.300,0.959,1.194
Bloom,MA-200988-2B,Eisenberg,25.600,9.100,219.200,8.900,42.300,15.500,0.500,0.010,1.300,18.100,8.700,0.200,64.800,179.900,41.700,59.700,4.900,1.800,0.600,,5.600,2776.900,15.600,34.200,4.100,16.900,4.700,1.300,7.100,1.200,7.200,1.500,4.100,0.600,3.800,0.600,1.700,0.400,0.700,4.500,8.600,0.974,1.014
Bloom,MA-200988-2B,Eisenberg,26.600,15.700,201.900,7.000,56.000,26.000,0.300,0.200,2.600,14.900,8.100,0.010,146.400,325.700,59.100,88.300,7.700,1.200,1.100,,12.100,5650.800,28.400,59.300,7.200,30.800,8.500,2.400,12.200,1.900,10.500,2.100,5.500,0.700,4.300,0.500,2.300,0.600,1.000,7.400,13.500,0.945,1.070
Bloom,MA-200988-2B,Eisenberg,27.300,13.600,258.800,6.500,19.900,6.700,6.900,5.400,16.600,14.400,7.800,2.900,106.400,282.200,48.700,72.500,6.900,2.900,1.300,,8.700,4372.800,22.500,48.700,5.900,26.000,6.900,2.000,9.300,1.500,9.000,1.900,5.100,0.700,4.100,0.500,2.000,0.500,1.000,6.100,11.800,0.963,1.142
Bloom,MA-200988-2B,Eisenberg,14.000,1.400,225.300,10.600,101.100,82.700,2.700,0.200,1.600,18.300,7.100,0.010,9.900,26.300,18.200,19.500,1.000,1.900,0.100,,0.900,429.800,2.600,5.500,0.600,3.000,1.000,0.200,1.700,0.300,2.500,0.600,2.100,0.400,2.800,0.500,0.700,0.100,0.100,0.800,1.400,1.004,0.679
Bloom,MA-200988-2B,Eisenberg,22.600,6.500,344.000,10.300,30.600,24.200,67.300,10.300,16.000,13.800,4.700,0.300,46.500,102.600,32.600,41.800,3.500,1.700,0.600,,4.000,1630.700,9.800,22.100,2.600,11.600,3.200,0.900,4.900,0.900,5.600,1.200,3.700,0.500,3.800,0.600,1.100,0.300,0.400,2.900,6.000,0.997,1.022
Bloom,MA-200988-2B,Eisenberg,19.100,5.200,211.100,9.100,89.100,47.800,1.900,0.200,2.100,18.700,8.800,0.010,57.000,110.300,29.700,43.800,3.200,1.800,0.400,,4.300,1721.400,11.000,23.400,2.800,11.800,3.100,0.900,5.000,0.800,5.100,1.100,3.200,0.500,3.200,0.500,1.300,0.300,0.500,2.900,5.700,0.961,1.020
Bloom,MA-200988-1A,Eisenberg,23.200,12.700,410.400,11.000,51.000,40.200,1.900,0.200,2.000,15.700,7.100,0.300,87.700,240.700,52.300,82.400,6.500,1.800,0.900,,6.900,3453.000,19.900,38.400,5.100,23.200,6.000,1.600,9.400,1.500,9.700,2.000,5.500,0.700,4.700,0.700,2.300,0.500,0.700,6.000,10.500,0.869,0.955
Bloom,MA-200988-1A,Eisenberg,22.900,11.800,532.100,10.300,51.700,32.500,1.300,0.100,2.000,17.700,7.200,0.200,78.000,225.800,50.600,76.400,5.800,1.700,0.800,,6.400,3369.000,19.900,36.000,4.800,22.700,6.200,1.700,9.300,1.500,9.600,2.000,5.400,0.800,4.800,0.700,2.300,0.500,0.700,6.000,9.000,0.840,1.010
Bloom,MA-200988-1A,Eisenberg,20.900,10.400,492.800,11.700,44.100,18.600,0.800,0.100,1.900,16.700,7.200,0.010,84.800,216.500,57.800,79.400,5.500,1.800,0.800,,5.900,2831.200,19.000,36.000,5.000,21.300,5.500,1.500,9.300,1.600,10.300,2.100,6.000,0.800,5.500,0.900,2.300,0.500,0.700,5.800,9.300,0.841,0.929
Bloom,MA-200988-1A,Eisenberg,16.600,7.500,404.600,8.300,37.500,21.000,1.100,0.200,1.200,15.800,5.900,0.200,63.500,160.600,38.200,53.900,4.200,1.300,0.600,,5.300,2540.600,14.400,28.500,3.600,16.000,4.500,1.200,6.700,1.100,6.900,1.500,4.100,0.600,4.000,0.600,1.700,0.400,0.600,4.400,7.700,0.902,0.987
Bloom,MA-200988-1A,Eisenberg,23.800,12.800,409.700,9.100,45.600,33.300,14.100,3.600,2.900,17.700,6.200,0.200,113.600,284.800,52.800,83.000,6.800,1.600,1.100,,9.400,4272.100,24.400,48.300,6.000,26.500,7.300,2.000,10.700,1.700,10.100,2.000,5.600,0.800,4.900,0.700,2.600,0.600,0.900,7.300,13.000,0.910,1.024
Bloom,MA-200988-1A,Eisenberg,21.500,11.000,449.900,10.100,46.000,29.100,3.800,0.800,2.000,16.700,6.700,0.200,85.500,225.700,50.400,75.000,5.800,1.600,0.800,,6.800,3293.200,19.500,37.500,4.900,21.900,5.900,1.600,9.100,1.500,9.300,1.900,5.300,0.700,4.800,0.700,2.200,0.500,0.700,5.900,9.900,0.874,0.981
Bloom,MA-200988-1B,Eisenberg,26.800,13.100,201.400,8.200,21.700,6.200,1.400,0.200,3.200,14.400,7.400,0.200,108.700,254.000,45.800,69.300,7.100,1.300,1.100,,8.500,4153.800,20.900,48.900,5.500,23.200,6.200,1.800,8.800,1.400,8.000,1.600,4.400,0.600,3.800,0.500,1.700,0.400,1.100,5.100,12.400,1.039,1.108
Bloom,MA-200988-1B,Eisenberg,23.300,11.200,248.800,8.400,27.400,8.000,2.900,0.300,3.000,15.500,7.400,0.400,90.000,228.800,43.000,65.300,6.100,1.200,0.900,,7.400,3684.600,19.300,43.800,5.000,21.000,5.700,1.800,8.300,1.300,8.000,1.600,4.500,0.600,3.900,0.600,1.700,0.400,0.900,5.100,11.300,1.016,1.185
Bloom,MA-200988-1B,Eisenberg,28.500,11.600,230.600,8.400,37.800,11.900,0.600,0.100,2.200,16.700,8.000,0.300,90.000,226.900,41.900,67.000,6.100,1.200,0.900,,7.400,3622.700,18.100,39.300,4.600,19.700,5.500,1.500,7.800,1.200,7.400,1.500,4.200,0.600,3.800,0.500,1.700,0.400,0.900,4.600,9.300,0.982,1.041
Bloom,MA-200988-1B,Eisenberg,30.900,15.000,198.900,7.800,33.600,10.700,0.500,0.200,3.600,15.400,7.700,0.300,120.400,289.900,44.400,78.500,8.000,1.300,1.300,,10.000,4718.900,22.800,54.100,6.000,24.900,6.800,1.900,9.500,1.500,8.600,1.700,4.600,0.600,3.600,0.500,2.000,0.500,1.200,5.900,14.200,1.053,1.077
Bloom,MA-200988-1B,Eisenberg,29.000,12.000,186.300,7.500,41.300,25.500,1.900,0.200,3.100,17.200,7.100,0.300,115.300,254.500,40.900,70.000,6.400,1.400,1.000,,9.100,3817.900,20.000,44.000,5.000,21.000,5.700,1.600,8.000,1.200,7.200,1.400,4.000,0.500,3.300,0.400,1.800,0.400,0.900,4.900,10.500,1.003,1.078
Bloom,MA-200988-1B,Eisenberg,28.800,12.900,204.300,8.000,33.600,13.600,1.100,0.200,3.000,15.900,7.600,0.300,108.600,256.300,43.300,71.200,6.900,1.300,1.100,,8.800,4078.300,20.500,46.600,5.300,22.200,6.000,1.700,8.500,1.300,7.800,1.600,4.300,0.600,3.600,0.500,1.800,0.400,1.000,5.100,11.600,1.018,1.082
Bloom,MA-200988-2B,Eisenberg,26.800,12.000,409.800,8.300,106.300,45.200,0.010,0.010,0.010,0.010,9.300,0.010,79.000,166.600,42.000,89.300,6.700,3.400,1.000,,7.800,2389.000,22.200,47.400,5.800,24.700,6.300,1.600,9.500,1.500,8.500,1.800,4.500,0.600,3.800,0.500,2.700,0.500,0.800,6.300,12.400,0.951,0.932
Bloom,MA-200988-2B,Eisenberg,25.700,10.000,272.100,9.300,37.300,12.200,0.700,0.100,2.400,16.500,8.100,0.200,97.900,215.300,46.500,64.000,5.300,1.600,0.800,,7.500,3515.700,19.700,41.600,5.000,21.500,5.900,1.600,8.600,1.400,8.400,1.800,5.000,0.700,4.600,0.700,1.900,0.400,0.900,5.500,10.600,0.955,1.017
Bloom,MA-200988-2B,Eisenberg,25.100,11.200,231.500,8.900,37.600,13.500,0.500,0.600,1.900,15.900,7.800,0.300,92.700,234.300,47.900,70.300,6.000,1.600,0.900,,7.700,3844.200,20.000,42.800,5.100,21.800,6.100,1.800,8.700,1.400,8.400,1.700,4.900,0.700,4.400,0.600,2.000,0.500,0.900,5.500,10.700,0.966,1.122
Bloom,MA-200988-2B,Eisenberg,26.900,14.700,230.300,6.700,38.000,16.400,3.600,2.800,9.600,14.700,7.900,1.400,126.400,304.000,53.900,80.400,7.300,2.000,1.200,,10.400,5011.800,25.500,54.000,6.500,28.400,7.700,2.200,10.800,1.700,9.800,2.000,5.300,0.700,4.200,0.500,2.200,0.500,1.000,6.800,12.700,0.956,1.098
Bloom,MA-200988-2B,Eisenberg,18.600,4.400,260.100,10.000,73.600,51.600,24.000,3.600,6.500,16.900,6.900,0.100,37.800,79.700,26.800,35.000,2.600,1.800,0.400,,3.100,1260.600,7.800,17.000,2.000,8.800,2.500,0.700,3.900,0.700,4.400,1.000,3.000,0.500,3.300,0.500,1.000,0.200,0.300,2.200,4.400,0.981,1.006
Bloom,MA-200988-2B,Eisenberg,24.600,10.400,280.800,8.600,58.500,27.800,7.200,1.800,5.100,16.000,8.000,0.500,86.800,200.000,43.400,67.800,5.600,2.100,0.800,,7.300,3204.300,19.000,40.600,4.900,21.000,5.700,1.600,8.300,1.400,7.900,1.600,4.600,0.600,4.000,0.600,1.900,0.400,0.800,5.300,10.100,0.959,1.054
